qualified_name,entity_guid,entity_type,name,database_name,owner
maxcompute-table.dataworks_analyze.meta_table_lineage,odps.dataworks_analyze.meta_table_lineage,odps-table,meta_table_lineage,dataworks_analyze,晨鹏
maxcompute-table.dataworks_analyze.tmp_d_table_lineage_with_skynets,odps.dataworks_analyze.tmp_d_table_lineage_with_skynets,odps-table,tmp_d_table_lineage_with_skynets,dataworks_analyze,149944
maxcompute-table.dataworks_analyze.meta_table_lineage_statistics,odps.dataworks_analyze.meta_table_lineage_statistics,odps-table,meta_table_lineage_statistics,dataworks_analyze,149944
maxcompute-table.dataworks_analyze.meta_table_lineage_with_user,odps.dataworks_analyze.meta_table_lineage_with_user,odps-table,meta_table_lineage_with_user,dataworks_analyze,149944
maxcompute-table.dataworks_analyze.rpt_d_table_lineage,odps.dataworks_analyze.rpt_d_table_lineage,odps-table,rpt_d_table_lineage,dataworks_analyze,149944
maxcompute-table.ecodata_dist.icbu_jspt_meta_table_lineage_view,odps.ecodata_dist.icbu_jspt_meta_table_lineage_view,odps-table,icbu_jspt_meta_table_lineage_view,ecodata_dist,117142
maxcompute-table.ecodata_dist.vabt_jspt_meta_table_lineage_view,odps.ecodata_dist.vabt_jspt_meta_table_lineage_view,odps-table,vabt_jspt_meta_table_lineage_view,ecodata_dist,268394
maxcompute-table.fin_data_platform.fin_meta_table_lineage,odps.fin_data_platform.fin_meta_table_lineage,odps-table,fin_meta_table_lineage,fin_data_platform,268394
maxcompute-table.cdo_meta.meta_io_schd_relation,odps.cdo_meta.meta_io_schd_relation,odps-table,meta_io_schd_relation,cdo_meta,102205
maxcompute-table.dataworks_analyze.dim_calc_engine_info_d,odps.dataworks_analyze.dim_calc_engine_info_d,odps-table,dim_calc_engine_info_d,dataworks_analyze,083361
maxcompute-table.dataworks_analyze.dw_meta_maxcompute_tables_v2,odps.dataworks_analyze.dw_meta_maxcompute_tables_v2,odps-table,dw_meta_maxcompute_tables_v2,dataworks_analyze,149944
maxcompute-table.dataworks_analyze.dwd_d_inst_derived_table_lineages,odps.dataworks_analyze.dwd_d_inst_derived_table_lineages,odps-table,dwd_d_inst_derived_table_lineages,dataworks_analyze,149944
maxcompute-table.dataworks_meta.ods_phoenix_node_def_hh,odps.dataworks_meta.ods_phoenix_node_def_hh,odps-table,ods_phoenix_node_def_hh,dataworks_meta,075180
maxcompute-table.onemeta.dim_meta_do_project_odps,odps.onemeta.dim_meta_do_project_odps,odps-table,dim_meta_do_project_odps,onemeta,102205
mysql-table.4d6d25c4647eb187660054a4e2c88da7ffb287e2,4d6d25c4647eb187660054a4e2c88da7ffb287e2,mysql-table,base_meta_io_schd_relation,dw_metaservice,
loghub-logstore.b52a375842a2066f5afcb524abd21c8807f7bd33,b52a375842a2066f5afcb524abd21c8807f7bd33,loghub-logstore,lineage,,
loghub-logstore.f01251296bd1cfaec37ae9268c5d5b92def773ab,f01251296bd1cfaec37ae9268c5d5b92def773ab,loghub-logstore,entity_lineage,,
mysql-table.22badf3053c1ae316917326ddf761907cb7842ee,22badf3053c1ae316917326ddf761907cb7842ee,mysql-table,fin_meta_table_lineage,fin_data_monitor,
maxcompute-table.cdo_boss.meta_table,odps.cdo_boss.meta_table,odps-table,meta_table,cdo_boss,102205
maxcompute-table.cdo_boss.meta_table_relation,odps.cdo_boss.meta_table_relation,odps-table,meta_table_relation,cdo_boss,102205
maxcompute-table.cdo_meta.20240624_5867_mv_table_ab62cdb2cff51ba4188784c2d7af78e49c781ba8c99f9916251b51f2439ddd70,odps.cdo_meta.20240624_5867_mv_table_ab62cdb2cff51ba4188784c2d7af78e49c781ba8c99f9916251b51f2439ddd70,odps-table,20240624_5867_mv_table_ab62cdb2cff51ba4188784c2d7af78e49c781ba8c99f9916251b51f2439ddd70,cdo_meta,102205
maxcompute-table.cdo_meta.m_dw_odps_table_relations_based_on_js_and_sxml,odps.cdo_meta.m_dw_odps_table_relations_based_on_js_and_sxml,odps-table,m_dw_odps_table_relations_based_on_js_and_sxml,cdo_meta,102205
maxcompute-table.cdo_meta.m_ods_s_phoenix_node_def,odps.cdo_meta.m_ods_s_phoenix_node_def,odps-table,m_ods_s_phoenix_node_def,cdo_meta,102205
maxcompute-table.cdo_meta.mc_dim_tables_and_views,odps.cdo_meta.mc_dim_tables_and_views,odps-table,mc_dim_tables_and_views,cdo_meta,102205
maxcompute-table.cdo_meta.odps_input_output_mapping,odps.cdo_meta.odps_input_output_mapping,odps-table,odps_input_output_mapping,cdo_meta,102205
maxcompute-table.cdo_meta.temp_odps_table_relation_with_skynet,odps.cdo_meta.temp_odps_table_relation_with_skynet,odps-table,temp_odps_table_relation_with_skynet,cdo_meta,102205
mysql-table.0fe32be469bf174aeb61b739fb739b569aac985a,0fe32be469bf174aeb61b739fb739b569aac985a,mysql-table,base_calc_engine,oxs_base_biz_tenant,
mysql-table.1cc1233405fa2fcb1f6228e193df5f81e64aaa95,1cc1233405fa2fcb1f6228e193df5f81e64aaa95,mysql-table,base_calc_engine,oxs_base_biz_tenant,
mysql-table.241cc0c1adc630bc3cea0b08d984c71434cef959,241cc0c1adc630bc3cea0b08d984c71434cef959,mysql-table,base_calc_engine,oxs_base_biz_tenant,
mysql-table.242963b5433f6ed27803ae48406245e8ebdb877b,242963b5433f6ed27803ae48406245e8ebdb877b,mysql-table,base_calc_engine,oxs_base_biz_tenant,
mysql-table.37635250bd3f2ee32c1cb1486084ca4a4693fff3,37635250bd3f2ee32c1cb1486084ca4a4693fff3,mysql-table,base_calc_engine,oxs_base_biz_tenant,
mysql-table.44b8e84575f0e93e7c4e8eea7d967c8b627446e5,44b8e84575f0e93e7c4e8eea7d967c8b627446e5,mysql-table,base_calc_engine,oxs_base_biz_tenant,
mysql-table.54a6cc1aa8a4d4f81a1283ea974e190e4eb90b0f,54a6cc1aa8a4d4f81a1283ea974e190e4eb90b0f,mysql-table,base_calc_engine,oxs_base_biz_tenant,
mysql-table.5c7c2d016b266adcf2a3fa3aaa921a9ba6c35378,5c7c2d016b266adcf2a3fa3aaa921a9ba6c35378,mysql-table,base_calc_engine,oxs_base_biz_tenant,
mysql-table.5edc665708c97f7e4ac92c4beeae731c55d30393,5edc665708c97f7e4ac92c4beeae731c55d30393,mysql-table,base_calc_engine,oxs_base_biz_tenant,
mysql-table.60b87f263239fea26644c936c4d79fc921eacd32,60b87f263239fea26644c936c4d79fc921eacd32,mysql-table,base_calc_engine,oxs_base_biz_tenant,
mysql-table.781719bb68ff812ea8d8da632e4e1324ae9eaa79,781719bb68ff812ea8d8da632e4e1324ae9eaa79,mysql-table,base_calc_engine,oxs_base_biz_tenant,
mysql-table.7a4a804343e9e95de75613919a02facba680c93f,7a4a804343e9e95de75613919a02facba680c93f,mysql-table,base_calc_engine,oxs_base_biz_tenant,
mysql-table.8231a72d7c81fce4e77b1cfdce2d8a4bfe9bd2ca,8231a72d7c81fce4e77b1cfdce2d8a4bfe9bd2ca,mysql-table,base_calc_engine,oxs_base_biz_tenant,
mysql-table.897aa787d2fcecffc09a467de9c2bc981050c0d8,897aa787d2fcecffc09a467de9c2bc981050c0d8,mysql-table,base_calc_engine,oxs_base_biz_tenant,
mysql-table.90da4f6cc91ae3329a8a03a1c0d61434a8a8fb53,90da4f6cc91ae3329a8a03a1c0d61434a8a8fb53,mysql-table,base_calc_engine,oxs_base_biz_tenant,
mysql-table.9e1efbd5dff44bf9358d52a71549cd4c0c9c0834,9e1efbd5dff44bf9358d52a71549cd4c0c9c0834,mysql-table,base_calc_engine,oxs_base_biz_tenant,
mysql-table.9f3d8ad204d0a4a148f23e2dec6648f0787febe7,9f3d8ad204d0a4a148f23e2dec6648f0787febe7,mysql-table,base_calc_engine,oxs_base_biz_tenant,
mysql-table.9f504c299e5187296b508031e0246b1e3e5cf54c,9f504c299e5187296b508031e0246b1e3e5cf54c,mysql-table,base_calc_engine,oxs_base_biz_tenant,
mysql-table.a3216acec81aa0b8f4a3923d5e2967d574938d8e,a3216acec81aa0b8f4a3923d5e2967d574938d8e,mysql-table,base_calc_engine,oxs_base_biz_tenant,
mysql-table.a860c90ed5eb63c1f995aa5b3ff95880c8539f11,a860c90ed5eb63c1f995aa5b3ff95880c8539f11,mysql-table,base_calc_engine,oxs_base_biz_tenant,
mysql-table.c46cb751cb4b5210103936275593dbcb6fe30bd6,c46cb751cb4b5210103936275593dbcb6fe30bd6,mysql-table,base_calc_engine,oxs_base_biz_tenant,
mysql-table.ca062db99fccac9c6a0fe1adccb1838f979cd704,ca062db99fccac9c6a0fe1adccb1838f979cd704,mysql-table,base_calc_engine,oxs_base_biz_tenant,
mysql-table.ce01b99c10bc41a6254783cd7d843c63f7547fc9,ce01b99c10bc41a6254783cd7d843c63f7547fc9,mysql-table,base_calc_engine,oxs_base_biz_tenant,
mysql-table.d03ea07f886c3182fab99356b8e92d1211e3475e,d03ea07f886c3182fab99356b8e92d1211e3475e,mysql-table,base_calc_engine,oxs_base_biz_tenant,
mysql-table.d23ef9c055e978898fe6a08c828f5cc32f069f18,d23ef9c055e978898fe6a08c828f5cc32f069f18,mysql-table,base_calc_engine,cdo_auth,
mysql-table.d49c286b0243bba53af53950eca3c51b084c2ca2,d49c286b0243bba53af53950eca3c51b084c2ca2,mysql-table,base_calc_engine,oxs_base_biz_tenant,
mysql-table.ff2e2c832541ed17e0bbbfaf2c171e035b3b40de,ff2e2c832541ed17e0bbbfaf2c171e035b3b40de,mysql-table,base_calc_engine,oxs_base_biz_tenant,
maxcompute-table.cdo_meta.dmc_base_meta_op_log,odps.cdo_meta.dmc_base_meta_op_log,odps-table,dmc_base_meta_op_log,cdo_meta,085416
maxcompute-table.cdo_meta.dw_meta_category,odps.cdo_meta.dw_meta_category,odps-table,dw_meta_category,cdo_meta,149944
maxcompute-table.cdo_meta.hr_users,odps.cdo_meta.hr_users,odps-table,hr_users,cdo_meta,102205
maxcompute-table.cdo_meta.m1_odps_table_only,odps.cdo_meta.m1_odps_table_only,odps-table,m1_odps_table_only,cdo_meta,102205
maxcompute-table.cdo_meta.ms_base_meta_table,odps.cdo_meta.ms_base_meta_table,odps-table,ms_base_meta_table,cdo_meta,149944
maxcompute-table.cdo_meta.ods_d_base_meta_table_label,odps.cdo_meta.ods_d_base_meta_table_label,odps-table,ods_d_base_meta_table_label,cdo_meta,085416
maxcompute-table.dataworks_analyze.ads_dm_merge_tables_and_views,odps.dataworks_analyze.ads_dm_merge_tables_and_views,odps-table,ads_dm_merge_tables_and_views,dataworks_analyze,149944
maxcompute-table.dataworks_analyze.dim_user_info_d,odps.dataworks_analyze.dim_user_info_d,odps-table,dim_user_info_d,dataworks_analyze,083361
maxcompute-table.dataworks_analyze.dw_meta_maxcompute_columns_v2,odps.dataworks_analyze.dw_meta_maxcompute_columns_v2,odps-table,dw_meta_maxcompute_columns_v2,dataworks_analyze,079458
maxcompute-table.dataworks_analyze.dwd_model_engine_online_model_df,odps.dataworks_analyze.dwd_model_engine_online_model_df,odps-table,dwd_model_engine_online_model_df,dataworks_analyze,084102
maxcompute-table.dataworks_analyze.ods_dw_maxcompute_tables_df,odps.dataworks_analyze.ods_dw_maxcompute_tables_df,odps-table,ods_dw_maxcompute_tables_df,dataworks_analyze,079458
maxcompute-table.dataworks_analyze.rpt_d_odps_table_user_read_stats,odps.dataworks_analyze.rpt_d_odps_table_user_read_stats,odps-table,rpt_d_odps_table_user_read_stats,dataworks_analyze,085416
maxcompute-table.dataworks_app_feature.rpt_d_table_tag,odps.dataworks_app_feature.rpt_d_table_tag,odps-table,rpt_d_table_tag,dataworks_app_feature,140156
maxcompute-table.dataworks_meta.dim_dg_dmc_album_entity_relation_df,odps.dataworks_meta.dim_dg_dmc_album_entity_relation_df,odps-table,dim_dg_dmc_album_entity_relation_df,dataworks_meta,149944
maxcompute-table.dataworks_meta.ods_entity_classifications_df,odps.dataworks_meta.ods_entity_classifications_df,odps-table,ods_entity_classifications_df,dataworks_meta,149944
maxcompute-table.dataworks_meta.s_base_meta_album_entity_relation,odps.dataworks_meta.s_base_meta_album_entity_relation,odps-table,s_base_meta_album_entity_relation,dataworks_meta,149944
maxcompute-table.dw_data_governance.dws_d_dqc_table_stat_for_data_map,odps.dw_data_governance.dws_d_dqc_table_stat_for_data_map,odps-table,dws_d_dqc_table_stat_for_data_map,dw_data_governance,068198
maxcompute-table.dw_data_governance.dws_dg_table_health_info,odps.dw_data_governance.dws_dg_table_health_info,odps-table,dws_dg_table_health_info,dw_data_governance,050624
maxcompute-table.cdo_meta.m1_odps_task,odps.cdo_meta.m1_odps_task,odps-table,m1_odps_task,cdo_meta,102205
maxcompute-table.dataworks_analyze.m_column_filtered_lineage_private_domains,odps.dataworks_analyze.m_column_filtered_lineage_private_domains,odps-table,m_column_filtered_lineage_private_domains,dataworks_analyze,149944
maxcompute-table.dataworks_analyze.m_table_filtered_lineage_private_domains,odps.dataworks_analyze.m_table_filtered_lineage_private_domains,odps-table,m_table_filtered_lineage_private_domains,dataworks_analyze,149944
maxcompute-table.meta.m_column_lineage,odps.meta.m_column_lineage,odps-table,m_column_lineage,meta,131315
maxcompute-table.meta.m_table_lineage,odps.meta.m_table_lineage,odps-table,m_table_lineage,meta,131315
mysql-table.cd6d09b1deea0d1461170b2a7be2cc43318d319f,cd6d09b1deea0d1461170b2a7be2cc43318d319f,mysql-table,phoenix_node_def,phoenix_prod,
maxcompute-table.cdo_boss.meta_app,odps.cdo_boss.meta_app,odps-table,meta_app,cdo_boss,224825
maxcompute-table.cdo_meta.base_ods_base_project,odps.cdo_meta.base_ods_base_project,odps-table,base_ods_base_project,cdo_meta,102205
maxcompute-table.cdo_meta.dim_project_region_infor,odps.cdo_meta.dim_project_region_infor,odps-table,dim_project_region_infor,cdo_meta,102205
maxcompute-table.cdo_meta.m1_odps_project,odps.cdo_meta.m1_odps_project,odps-table,m1_odps_project,cdo_meta,102205
maxcompute-table.onemeta.dim_meta_pub_staff,odps.onemeta.dim_meta_pub_staff,odps-table,dim_meta_pub_staff,onemeta,102205
maxcompute-table.res_dg_service.dim_pub_bu_org_map,odps.res_dg_service.dim_pub_bu_org_map,odps-table,dim_pub_bu_org_map,res_dg_service,078219
maxcompute-table.dataworks_meta.ods_d_crawled_metadata_lineage,odps.dataworks_meta.ods_d_crawled_metadata_lineage,odps-table,ods_d_crawled_metadata_lineage,dataworks_meta,085416
mysql-table.b0684e4aaaeca65433ca3d160f5d8d98b3b01253,b0684e4aaaeca65433ca3d160f5d8d98b3b01253,mysql-table,meta_table,cdo_aslan,
maxcompute-table.cdo_meta.m_dw_view_relation_result,odps.cdo_meta.m_dw_view_relation_result,odps-table,m_dw_view_relation_result,cdo_meta,102205
maxcompute-table.cdo_meta.odps_ckpermission_relation,odps.cdo_meta.odps_ckpermission_relation,odps-table,odps_ckpermission_relation,cdo_meta,102205
maxcompute-table.cdo_meta.temp_ckpm_relation_with_skynet,odps.cdo_meta.temp_ckpm_relation_with_skynet,odps-table,temp_ckpm_relation_with_skynet,cdo_meta,102205
maxcompute-table.cdo_meta.ods_phoenix_node_def_hh,odps.cdo_meta.ods_phoenix_node_def_hh,odps-table,ods_phoenix_node_def_hh,cdo_meta,102205
maxcompute-table.cdo_meta.dim_odps_table_storage_white_list_expire,odps.cdo_meta.dim_odps_table_storage_white_list_expire,odps-table,dim_odps_table_storage_white_list_expire,cdo_meta,102205
maxcompute-table.cdo_meta.dqc_entity,odps.cdo_meta.dqc_entity,odps-table,dqc_entity,cdo_meta,068198
maxcompute-table.cdo_meta.dw_table_no_partitioned_records,odps.cdo_meta.dw_table_no_partitioned_records,odps-table,dw_table_no_partitioned_records,cdo_meta,102205
maxcompute-table.cdo_meta.dw_table_partitions,odps.cdo_meta.dw_table_partitions,odps-table,dw_table_partitions,cdo_meta,102205
maxcompute-table.cdo_meta.dws_odps_table_skynet_mapping,odps.cdo_meta.dws_odps_table_skynet_mapping,odps-table,dws_odps_table_skynet_mapping,cdo_meta,102205
maxcompute-table.cdo_meta.m1_odps_table_column,odps.cdo_meta.m1_odps_table_column,odps-table,m1_odps_table_column,cdo_meta,102205
maxcompute-table.cdo_meta.m_dw_odps_always_update_table,odps.cdo_meta.m_dw_odps_always_update_table,odps-table,m_dw_odps_always_update_table,cdo_meta,102205
maxcompute-table.cdo_meta.m_dw_ods_table,odps.cdo_meta.m_dw_ods_table,odps-table,m_dw_ods_table,cdo_meta,102205
maxcompute-table.cdo_meta.m_odps_table_extra_info,odps.cdo_meta.m_odps_table_extra_info,odps-table,m_odps_table_extra_info,cdo_meta,102205
maxcompute-table.cdo_meta.m_odps_table_granularity,odps.cdo_meta.m_odps_table_granularity,odps-table,m_odps_table_granularity,cdo_meta,102205
maxcompute-table.cdo_meta.meta_archive,odps.cdo_meta.meta_archive,odps-table,meta_archive,cdo_meta,102205
maxcompute-table.cdo_meta.meta_table_expect_optimize_size,odps.cdo_meta.meta_table_expect_optimize_size,odps-table,meta_table_expect_optimize_size,cdo_meta,102205
maxcompute-table.cdo_meta.temp_odps_table_info,odps.cdo_meta.temp_odps_table_info,odps-table,temp_odps_table_info,cdo_meta,102205
maxcompute-table.cdo_meta.temp_odps_table_partition_num,odps.cdo_meta.temp_odps_table_partition_num,odps-table,temp_odps_table_partition_num,cdo_meta,102205
maxcompute-table.meta.m_resource,odps.meta.m_resource,odps-table,m_resource,meta,131315
maxcompute-table.onemeta.dim_meta_do_table_access_odps_nd,odps.onemeta.dim_meta_do_table_access_odps_nd,odps-table,dim_meta_do_table_access_odps_nd,onemeta,428373
maxcompute-table.udap_meta.mds_rmd_govern_table_mitem_base_1d,odps.udap_meta.mds_rmd_govern_table_mitem_base_1d,odps-table,mds_rmd_govern_table_mitem_base_1d,udap_meta,149962
maxcompute-table.cdo_meta.m1_odps_view_only,odps.cdo_meta.m1_odps_view_only,odps-table,m1_odps_view_only,cdo_meta,102205
maxcompute-table.cdo_meta.m_dw_odps_input_output,odps.cdo_meta.m_dw_odps_input_output,odps-table,m_dw_odps_input_output,cdo_meta,102205
maxcompute-table.cdo_meta.m_dw_odps_task,odps.cdo_meta.m_dw_odps_task,odps-table,m_dw_odps_task,cdo_meta,102205
maxcompute-table.cdo_meta.meta_skynet_node_def,odps.cdo_meta.meta_skynet_node_def,odps-table,meta_skynet_node_def,cdo_meta,102205
maxcompute-table.dataworks_meta.ods_d_base_meta_op_log,odps.dataworks_meta.ods_d_base_meta_op_log,odps-table,ods_d_base_meta_op_log,dataworks_meta,085416
maxcompute-table.dataworks_meta.ods_d_base_meta_category_table_relation,odps.dataworks_meta.ods_d_base_meta_category_table_relation,odps-table,ods_d_base_meta_category_table_relation,dataworks_meta,085416
maxcompute-table.cdo_meta.dim_is_hr_dept_info,odps.cdo_meta.dim_is_hr_dept_info,odps-table,dim_is_hr_dept_info,cdo_meta,102205
maxcompute-table.xxpt_cdm_dw.dim_is_hr_dept_info,odps.xxpt_cdm_dw.dim_is_hr_dept_info,odps-table,dim_is_hr_dept_info,xxpt_cdm_dw,104464
maxcompute-table.xxpt_cdm_dw.dwd_is_usr_emp_info_last_f,odps.xxpt_cdm_dw.dwd_is_usr_emp_info_last_f,odps-table,dwd_is_usr_emp_info_last_f,xxpt_cdm_dw,453395
maxcompute-table.cdo_meta.m1_odps_partition_only,odps.cdo_meta.m1_odps_partition_only,odps-table,m1_odps_partition_only,cdo_meta,102205
maxcompute-table.cdo_meta.s_m_table,odps.cdo_meta.s_m_table,odps-table,s_m_table,cdo_meta,102205
mysql-table.00b583ef9c54b8cf2c211183c1348a9cd5676436,00b583ef9c54b8cf2c211183c1348a9cd5676436,mysql-table,base_meta_table175,dw_metaservice_zb_sharding_0021,
mysql-table.00ca2934f9b8cf141d8bda398efa2ba43bbe992e,00ca2934f9b8cf141d8bda398efa2ba43bbe992e,mysql-table,base_meta_table023,dw_metaservice_zb_sharding_0002,
mysql-table.017a78c299a97ef5d59a9dbb0ff1fbb6abb41beb,017a78c299a97ef5d59a9dbb0ff1fbb6abb41beb,mysql-table,base_meta_table170,dw_metaservice_zb_sharding_0021,
mysql-table.01d2ea8cbf6ca2872002026282172b2857dbf22a,01d2ea8cbf6ca2872002026282172b2857dbf22a,mysql-table,base_meta_table147,dw_metaservice_zb_sharding_0018,
mysql-table.02aa77482c6895f31743c625843f6f9cf4917fdf,02aa77482c6895f31743c625843f6f9cf4917fdf,mysql-table,base_meta_table249,dw_metaservice_zb_sharding_0031,
mysql-table.02db0fef630efc4ae7fad2919821fa909f34dbbf,02db0fef630efc4ae7fad2919821fa909f34dbbf,mysql-table,base_meta_table027,dw_metaservice_zb_sharding_0003,
mysql-table.07908e991e30e481ba630922312b32a4c5da0433,07908e991e30e481ba630922312b32a4c5da0433,mysql-table,base_meta_table116,dw_metaservice_zb_sharding_0014,
mysql-table.0854b1eb4a07e7cc4b725de7643b9f4ac0b0923e,0854b1eb4a07e7cc4b725de7643b9f4ac0b0923e,mysql-table,base_meta_table103,dw_metaservice_zb_sharding_0012,
mysql-table.0a13b01ae764fbb9fc142d59e3f26856a4ccb5b7,0a13b01ae764fbb9fc142d59e3f26856a4ccb5b7,mysql-table,base_meta_table146,dw_metaservice_zb_sharding_0018,
mysql-table.0a59ca884b56f97346ca305703a924f168cd736b,0a59ca884b56f97346ca305703a924f168cd736b,mysql-table,base_meta_table043,dw_metaservice_zb_sharding_0005,
mysql-table.0a66913b371598d0714501f1499d8ff06e6eee5c,0a66913b371598d0714501f1499d8ff06e6eee5c,mysql-table,base_meta_table138,dw_metaservice_zb_sharding_0017,
mysql-table.0adbc3452ea873499a7a3234a5f74e7f76b7341e,0adbc3452ea873499a7a3234a5f74e7f76b7341e,mysql-table,base_meta_table010,dw_metaservice_zb_sharding_0001,
mysql-table.0b9b92ae65366f697e3e8271210f4a97d5d9509d,0b9b92ae65366f697e3e8271210f4a97d5d9509d,mysql-table,base_meta_table200,dw_metaservice_zb_sharding_0025,
mysql-table.0c68654737eb98ba23b6abda7f8a0c05fad3768c,0c68654737eb98ba23b6abda7f8a0c05fad3768c,mysql-table,base_meta_table123,dw_metaservice_zb_sharding_0015,
mysql-table.0cc32194b302b44a43c1d89e6386cfaac4e44872,0cc32194b302b44a43c1d89e6386cfaac4e44872,mysql-table,base_meta_table185,dw_metaservice_zb_sharding_0023,
mysql-table.0d2bae628bf5c99ead7f9b421cf5ee63ad1cc2af,0d2bae628bf5c99ead7f9b421cf5ee63ad1cc2af,mysql-table,base_meta_table211,dw_metaservice_zb_sharding_0026,
mysql-table.0e7af46331955c79907e06bbee68427b19005975,0e7af46331955c79907e06bbee68427b19005975,mysql-table,base_meta_table088,dw_metaservice_zb_sharding_0011,
mysql-table.0e7f9d17ca683ff519ad916a1a79bd31b450a069,0e7f9d17ca683ff519ad916a1a79bd31b450a069,mysql-table,base_meta_table074,dw_metaservice_zb_sharding_0009,
mysql-table.0fcde50e95bceddbf29acd1adaae723fb8f36475,0fcde50e95bceddbf29acd1adaae723fb8f36475,mysql-table,base_meta_table234,dw_metaservice_zb_sharding_0029,
mysql-table.127315bb36f5dd1d9f685089c5c69629855f307d,127315bb36f5dd1d9f685089c5c69629855f307d,mysql-table,base_meta_table235,dw_metaservice_zb_sharding_0029,
mysql-table.132bcc7c383cf7bcc4957973d08f0af3972464a7,132bcc7c383cf7bcc4957973d08f0af3972464a7,mysql-table,base_meta_table125,dw_metaservice_zb_sharding_0015,
mysql-table.13c15d188454f45310d29beaf3d587eb264e1743,13c15d188454f45310d29beaf3d587eb264e1743,mysql-table,base_meta_table013,dw_metaservice_zb_sharding_0001,
mysql-table.1455b98f82f1e3675e839185e53a4c5b91b60d10,1455b98f82f1e3675e839185e53a4c5b91b60d10,mysql-table,base_meta_table240,dw_metaservice_zb_sharding_0030,
mysql-table.15425f3857fb105f8d8565c470eea8f6cd51db96,15425f3857fb105f8d8565c470eea8f6cd51db96,mysql-table,base_meta_table178,dw_metaservice_zb_sharding_0022,
mysql-table.1611119f381795107597543000a50bbfc9b57aa6,1611119f381795107597543000a50bbfc9b57aa6,mysql-table,base_meta_table007,dw_metaservice_zb_sharding_0000,
mysql-table.188735f3100d5bedd2dde42f664ac98775fb0922,188735f3100d5bedd2dde42f664ac98775fb0922,mysql-table,base_meta_table254,dw_metaservice_zb_sharding_0031,
mysql-table.18ae7a0b53011b6e961b02beec0d846d9b7b2aaa,18ae7a0b53011b6e961b02beec0d846d9b7b2aaa,mysql-table,base_meta_table093,dw_metaservice_zb_sharding_0011,
mysql-table.1951144647428efa44d2e9673f51b991a551944d,1951144647428efa44d2e9673f51b991a551944d,mysql-table,base_meta_table204,dw_metaservice_zb_sharding_0025,
mysql-table.1b02576d26a3d58f6ce1e4ca352805b93c9db1a2,1b02576d26a3d58f6ce1e4ca352805b93c9db1a2,mysql-table,base_meta_table169,dw_metaservice_zb_sharding_0021,
mysql-table.1b4782b47b6b18240b0239d175a109d21aab01a1,1b4782b47b6b18240b0239d175a109d21aab01a1,mysql-table,base_meta_table166,dw_metaservice_zb_sharding_0020,
mysql-table.1b7958954f8e237fc18e74f404aa7e9fcce103c4,1b7958954f8e237fc18e74f404aa7e9fcce103c4,mysql-table,base_meta_table149,dw_metaservice_zb_sharding_0018,
mysql-table.1dc93c492835bca7ffa689f24ea0d0e3cf56743b,1dc93c492835bca7ffa689f24ea0d0e3cf56743b,mysql-table,base_meta_table095,dw_metaservice_zb_sharding_0011,
mysql-table.1ddac6c0aa783cc108f56ead704172443ee4960f,1ddac6c0aa783cc108f56ead704172443ee4960f,mysql-table,base_meta_table226,dw_metaservice_zb_sharding_0028,
mysql-table.1eb35d0ef7703b5895d8b22a2f6eff20e64cbf3d,1eb35d0ef7703b5895d8b22a2f6eff20e64cbf3d,mysql-table,base_meta_table059,dw_metaservice_zb_sharding_0007,
mysql-table.1f20964e1c81024c92bbc6628e992ebce1011e7e,1f20964e1c81024c92bbc6628e992ebce1011e7e,mysql-table,base_meta_table155,dw_metaservice_zb_sharding_0019,
mysql-table.20daeed7fc69aa22541f250963b14d8c809bdbb2,20daeed7fc69aa22541f250963b14d8c809bdbb2,mysql-table,base_meta_table031,dw_metaservice_zb_sharding_0003,
mysql-table.21a08051267ac3d74e383c3de1dbe7e597f7378b,21a08051267ac3d74e383c3de1dbe7e597f7378b,mysql-table,base_meta_table064,dw_metaservice_zb_sharding_0008,
mysql-table.21d7813f0aca54a5b951bccc29adf6eae4f197c6,21d7813f0aca54a5b951bccc29adf6eae4f197c6,mysql-table,base_meta_table098,dw_metaservice_zb_sharding_0012,
mysql-table.22a101028cbb9f5f3f01ee3f82c0a2e622f13f18,22a101028cbb9f5f3f01ee3f82c0a2e622f13f18,mysql-table,base_meta_table111,dw_metaservice_zb_sharding_0013,
mysql-table.22e54dea633de0015d862a55f2fd3075924a1b72,22e54dea633de0015d862a55f2fd3075924a1b72,mysql-table,base_meta_table000,dw_metaservice_zb_sharding_0000,
mysql-table.22ee0c35ca1a7b52ef2ef4dc41ff78f4cba83078,22ee0c35ca1a7b52ef2ef4dc41ff78f4cba83078,mysql-table,base_meta_table210,dw_metaservice_zb_sharding_0026,
mysql-table.243b750e220071b36c849db378c4c5a87721c253,243b750e220071b36c849db378c4c5a87721c253,mysql-table,base_meta_table101,dw_metaservice_zb_sharding_0012,
mysql-table.249b06758f3817811af00e338545f159d5699188,249b06758f3817811af00e338545f159d5699188,mysql-table,base_meta_table051,dw_metaservice_zb_sharding_0006,
mysql-table.24a2128b7732b91e0f6a5f065f59cf317b142072,24a2128b7732b91e0f6a5f065f59cf317b142072,mysql-table,base_meta_table119,dw_metaservice_zb_sharding_0014,
mysql-table.24e4517cfc8f81bf93823fac36dcfed180fb3ef9,24e4517cfc8f81bf93823fac36dcfed180fb3ef9,mysql-table,base_meta_table107,dw_metaservice_zb_sharding_0013,
mysql-table.2526c96faa703c417e0e2edfac2efe0392265132,2526c96faa703c417e0e2edfac2efe0392265132,mysql-table,base_meta_table177,dw_metaservice_zb_sharding_0022,
mysql-table.2669cf3023bf0513339ad65ce9df4f56591114fc,2669cf3023bf0513339ad65ce9df4f56591114fc,mysql-table,base_meta_table054,dw_metaservice_zb_sharding_0006,
mysql-table.26bd78a6acb911d03d0ce454a13679339bddff72,26bd78a6acb911d03d0ce454a13679339bddff72,mysql-table,base_meta_table164,dw_metaservice_zb_sharding_0020,
mysql-table.26fc2182613c8f23ad9cd82669d332e714ff1746,26fc2182613c8f23ad9cd82669d332e714ff1746,mysql-table,base_meta_table019,dw_metaservice_zb_sharding_0002,
mysql-table.2a4739237e0cfa8fb7e482b6f7f4120da7a31e17,2a4739237e0cfa8fb7e482b6f7f4120da7a31e17,mysql-table,base_meta_table077,dw_metaservice_zb_sharding_0009,
mysql-table.2afb0828b93634a2432c1cf646d24748a1405940,2afb0828b93634a2432c1cf646d24748a1405940,mysql-table,base_meta_table062,dw_metaservice_zb_sharding_0007,
mysql-table.2b54422071a02a21d4b8987740c73a2106272454,2b54422071a02a21d4b8987740c73a2106272454,mysql-table,base_meta_table161,dw_metaservice_zb_sharding_0020,
mysql-table.2b8ee89a75632d793235373d7f625b6599db05b6,2b8ee89a75632d793235373d7f625b6599db05b6,mysql-table,base_meta_table063,dw_metaservice_zb_sharding_0007,
mysql-table.2c10467c182d01e990c2aebea4c1427d3d87c97c,2c10467c182d01e990c2aebea4c1427d3d87c97c,mysql-table,base_meta_table148,dw_metaservice_zb_sharding_0018,
mysql-table.2c7c7658a977d5c094b7f3e67bc7e388d0d95387,2c7c7658a977d5c094b7f3e67bc7e388d0d95387,mysql-table,base_meta_table012,dw_metaservice_zb_sharding_0001,
mysql-table.2ddce5af057f027e9c9fd4e194edb42f757af4ec,2ddce5af057f027e9c9fd4e194edb42f757af4ec,mysql-table,base_meta_table218,dw_metaservice_zb_sharding_0027,
mysql-table.2dde4236cfba43b15cbe180d8f106ec1f92db5a9,2dde4236cfba43b15cbe180d8f106ec1f92db5a9,mysql-table,base_meta_table214,dw_metaservice_zb_sharding_0026,
mysql-table.2e17c4ffc6f06e54cbb8d47390b4af7b980f7224,2e17c4ffc6f06e54cbb8d47390b4af7b980f7224,mysql-table,base_meta_table163,dw_metaservice_zb_sharding_0020,
mysql-table.31b40fbfb1254e9b30c380ad0803854693e7919a,31b40fbfb1254e9b30c380ad0803854693e7919a,mysql-table,base_meta_table189,dw_metaservice_zb_sharding_0023,
mysql-table.3214d674eabaccd8417ecb0eb246c67a878e440b,3214d674eabaccd8417ecb0eb246c67a878e440b,mysql-table,base_meta_table100,dw_metaservice_zb_sharding_0012,
mysql-table.32572a356cf70433ed25e2f8e6f6937127a42213,32572a356cf70433ed25e2f8e6f6937127a42213,mysql-table,base_meta_table173,dw_metaservice_zb_sharding_0021,
mysql-table.333f7d5e7d294cd0f01fd26b00641677370651fe,333f7d5e7d294cd0f01fd26b00641677370651fe,mysql-table,base_meta_table241,dw_metaservice_zb_sharding_0030,
mysql-table.3361fda2a758cc826a82c1f8145810421dc978e2,3361fda2a758cc826a82c1f8145810421dc978e2,mysql-table,base_meta_table217,dw_metaservice_zb_sharding_0027,
mysql-table.33933725b5bbf0f7f36a4808d59c5a85c5a29b6f,33933725b5bbf0f7f36a4808d59c5a85c5a29b6f,mysql-table,base_meta_table105,dw_metaservice_zb_sharding_0013,
mysql-table.33a428bb24a2a914a56342093ea15e8d4545279c,33a428bb24a2a914a56342093ea15e8d4545279c,mysql-table,base_meta_table165,dw_metaservice_zb_sharding_0020,
mysql-table.3405a896a5f9d2d85b1da4290fe9cfa7c51d7d46,3405a896a5f9d2d85b1da4290fe9cfa7c51d7d46,mysql-table,base_meta_table040,dw_metaservice_zb_sharding_0005,
mysql-table.342c1530794f3fd4896a1b4d03f65a2d87821410,342c1530794f3fd4896a1b4d03f65a2d87821410,mysql-table,base_meta_table130,dw_metaservice_zb_sharding_0016,
mysql-table.365d452adc8e7f5429437fd6a67869278671f912,365d452adc8e7f5429437fd6a67869278671f912,mysql-table,base_meta_table168,dw_metaservice_zb_sharding_0021,
mysql-table.385297d0f69c541b7b4774b86c8cacd453c49d18,385297d0f69c541b7b4774b86c8cacd453c49d18,mysql-table,base_meta_table009,dw_metaservice_zb_sharding_0001,
mysql-table.3891e93e8dd83cb800769f5014a8ac0970073b81,3891e93e8dd83cb800769f5014a8ac0970073b81,mysql-table,base_meta_table035,dw_metaservice_zb_sharding_0004,
mysql-table.391af27a600aed89febfb6eded20e29d712cfb90,391af27a600aed89febfb6eded20e29d712cfb90,mysql-table,base_meta_table171,dw_metaservice_zb_sharding_0021,
mysql-table.3ccb68c686c7a181292af3080cc2b195068e3dc8,3ccb68c686c7a181292af3080cc2b195068e3dc8,mysql-table,base_meta_table082,dw_metaservice_zb_sharding_0010,
mysql-table.3f5d6e571c6a8897f139757f50c1bd33fc5e6e99,3f5d6e571c6a8897f139757f50c1bd33fc5e6e99,mysql-table,base_meta_table191,dw_metaservice_zb_sharding_0023,
mysql-table.40307df0d6aa4f93e9a4baa828a5b160eba77b5e,40307df0d6aa4f93e9a4baa828a5b160eba77b5e,mysql-table,base_meta_table081,dw_metaservice_zb_sharding_0010,
mysql-table.4070f684c702ddece2a315454072f520120d2fd0,4070f684c702ddece2a315454072f520120d2fd0,mysql-table,base_meta_table071,dw_metaservice_zb_sharding_0008,
mysql-table.411fad41a746158234a3179fd9a1dbef499ac597,411fad41a746158234a3179fd9a1dbef499ac597,mysql-table,base_meta_table018,dw_metaservice_zb_sharding_0002,
mysql-table.41a4b4f0be1eee42310fb1cabb59248029c98854,41a4b4f0be1eee42310fb1cabb59248029c98854,mysql-table,base_meta_table128,dw_metaservice_zb_sharding_0016,
mysql-table.436a2d1ce451ac2423d118a987bf09db13b74aa5,436a2d1ce451ac2423d118a987bf09db13b74aa5,mysql-table,base_meta_table132,dw_metaservice_zb_sharding_0016,
mysql-table.44da1866babb411033bdb01dbea4a68b26615874,44da1866babb411033bdb01dbea4a68b26615874,mysql-table,base_meta_table122,dw_metaservice_zb_sharding_0015,
mysql-table.45101d8a9db6cc41e76761090e4f11c49a23c62d,45101d8a9db6cc41e76761090e4f11c49a23c62d,mysql-table,base_meta_table151,dw_metaservice_zb_sharding_0018,
mysql-table.47b5bb9c40f00696c2fe2b486ca612c3e260068a,47b5bb9c40f00696c2fe2b486ca612c3e260068a,mysql-table,base_meta_table108,dw_metaservice_zb_sharding_0013,
mysql-table.49592bf708f62dcdfe2be0e3a6af6bb3cf4518b0,49592bf708f62dcdfe2be0e3a6af6bb3cf4518b0,mysql-table,base_meta_table207,dw_metaservice_zb_sharding_0025,
mysql-table.49fd9fb7eb94d0a9cecffd4227b2e5ead4408d81,49fd9fb7eb94d0a9cecffd4227b2e5ead4408d81,mysql-table,base_meta_table102,dw_metaservice_zb_sharding_0012,
mysql-table.4a203cd4c12443c8a8b1e70c3ad0d0c3848f88ae,4a203cd4c12443c8a8b1e70c3ad0d0c3848f88ae,mysql-table,base_meta_table089,dw_metaservice_zb_sharding_0011,
mysql-table.4a28e8a9487ce6060489135908d051661ca9fcef,4a28e8a9487ce6060489135908d051661ca9fcef,mysql-table,base_meta_table053,dw_metaservice_zb_sharding_0006,
mysql-table.4b7979d4aa8a8a56fd826f4888220237b82b10ce,4b7979d4aa8a8a56fd826f4888220237b82b10ce,mysql-table,base_meta_table203,dw_metaservice_zb_sharding_0025,
mysql-table.4e5446dd3f114b218ecb57fe1c9151d7f5511dbc,4e5446dd3f114b218ecb57fe1c9151d7f5511dbc,mysql-table,base_meta_table236,dw_metaservice_zb_sharding_0029,
mysql-table.4e5ddd34131be764c3a2113b05adbad2f4242afb,4e5ddd34131be764c3a2113b05adbad2f4242afb,mysql-table,base_meta_table061,dw_metaservice_zb_sharding_0007,
mysql-table.4ffe6a77942bdfd0e67d86e7d2d00a8e745872a2,4ffe6a77942bdfd0e67d86e7d2d00a8e745872a2,mysql-table,base_meta_table058,dw_metaservice_zb_sharding_0007,
mysql-table.503697b73fee84a83d640d183712ec94e671abf5,503697b73fee84a83d640d183712ec94e671abf5,mysql-table,base_meta_table238,dw_metaservice_zb_sharding_0029,
mysql-table.50f6a067e297beb00b9e035dd54d8718ef7e682d,50f6a067e297beb00b9e035dd54d8718ef7e682d,mysql-table,base_meta_table129,dw_metaservice_zb_sharding_0016,
mysql-table.518455e93905c3f1e33df2e812399de6c9168b95,518455e93905c3f1e33df2e812399de6c9168b95,mysql-table,base_meta_table121,dw_metaservice_zb_sharding_0015,
mysql-table.51e272e0ea3d996243aebea6e07f72a535aa01b3,51e272e0ea3d996243aebea6e07f72a535aa01b3,mysql-table,base_meta_table057,dw_metaservice_zb_sharding_0007,
mysql-table.527a47d1d90961e5d49a6a01f3995bbfcbe65184,527a47d1d90961e5d49a6a01f3995bbfcbe65184,mysql-table,base_meta_table247,dw_metaservice_zb_sharding_0030,
mysql-table.52f9c6c531fbfe683fe0e298003bb266dde02dc9,52f9c6c531fbfe683fe0e298003bb266dde02dc9,mysql-table,base_meta_table003,dw_metaservice_zb_sharding_0000,
mysql-table.54ada4797d15b6fe41a14b8d5428f335e60b5644,54ada4797d15b6fe41a14b8d5428f335e60b5644,mysql-table,base_meta_table193,dw_metaservice_zb_sharding_0024,
mysql-table.54c9aaa025d2a8a456a3f6935640cace808b872f,54c9aaa025d2a8a456a3f6935640cace808b872f,mysql-table,base_meta_table065,dw_metaservice_zb_sharding_0008,
mysql-table.5566952a116a6b155a627c75bcb30dc41622394a,5566952a116a6b155a627c75bcb30dc41622394a,mysql-table,base_meta_table201,dw_metaservice_zb_sharding_0025,
mysql-table.5644c9b29981d0fa8f360509d41f92bb89d11bdd,5644c9b29981d0fa8f360509d41f92bb89d11bdd,mysql-table,base_meta_table037,dw_metaservice_zb_sharding_0004,
mysql-table.5693bbac6f170e9d0d1ae9ec6a34ec92faadc97d,5693bbac6f170e9d0d1ae9ec6a34ec92faadc97d,mysql-table,base_meta_table143,dw_metaservice_zb_sharding_0017,
mysql-table.5731c06691f641bf7489cecede850708b7ec7877,5731c06691f641bf7489cecede850708b7ec7877,mysql-table,base_meta_table097,dw_metaservice_zb_sharding_0012,
mysql-table.59f44e8d7c87806efe67c9c7dc54bd51f4802ef1,59f44e8d7c87806efe67c9c7dc54bd51f4802ef1,mysql-table,base_meta_table186,dw_metaservice_zb_sharding_0023,
mysql-table.5a363bc1fbb2d25f0bbae0ef1dbacc5769f076c8,5a363bc1fbb2d25f0bbae0ef1dbacc5769f076c8,mysql-table,base_meta_table114,dw_metaservice_zb_sharding_0014,
mysql-table.5a9a9cea51af9a7080820f74cfaa0035cb52262e,5a9a9cea51af9a7080820f74cfaa0035cb52262e,mysql-table,base_meta_table176,dw_metaservice_zb_sharding_0022,
mysql-table.5c66fb46b1c9d9d692c207e15f1d9bd5191f5491,5c66fb46b1c9d9d692c207e15f1d9bd5191f5491,mysql-table,base_meta_table036,dw_metaservice_zb_sharding_0004,
mysql-table.5f11b83a819c49fb60582bdde5aca47806305ee1,5f11b83a819c49fb60582bdde5aca47806305ee1,mysql-table,base_meta_table042,dw_metaservice_zb_sharding_0005,
mysql-table.5f1d8847a3ca2f3525e756e2385a8d356c3f53a4,5f1d8847a3ca2f3525e756e2385a8d356c3f53a4,mysql-table,base_meta_table188,dw_metaservice_zb_sharding_0023,
mysql-table.61e7a0ebc97b00325502fe132e1a2a8995c3a1ad,61e7a0ebc97b00325502fe132e1a2a8995c3a1ad,mysql-table,base_meta_table109,dw_metaservice_zb_sharding_0013,
mysql-table.6285d465d082641672a87b085beb819e88c0f3a2,6285d465d082641672a87b085beb819e88c0f3a2,mysql-table,base_meta_table048,dw_metaservice_zb_sharding_0006,
mysql-table.6377f81efc2783fdfd308b4dd6f06ed07a9bfe80,6377f81efc2783fdfd308b4dd6f06ed07a9bfe80,mysql-table,base_meta_table219,dw_metaservice_zb_sharding_0027,
mysql-table.63fc5d20abdee98ca646ad4fe87dd74ca0cacae8,63fc5d20abdee98ca646ad4fe87dd74ca0cacae8,mysql-table,base_meta_table014,dw_metaservice_zb_sharding_0001,
mysql-table.64361d373cd1fa5968d7806c1bb8b76a647419f2,64361d373cd1fa5968d7806c1bb8b76a647419f2,mysql-table,base_meta_table181,dw_metaservice_zb_sharding_0022,
mysql-table.65344e48c4724a54b1d571ca11ecfa441e40c6f7,65344e48c4724a54b1d571ca11ecfa441e40c6f7,mysql-table,base_meta_table190,dw_metaservice_zb_sharding_0023,
mysql-table.67d684bc91017db44a9152c3e8a5316d672ecdb5,67d684bc91017db44a9152c3e8a5316d672ecdb5,mysql-table,base_meta_table001,dw_metaservice_zb_sharding_0000,
mysql-table.685baab7aa7127697396a7289fab42bc5ac91261,685baab7aa7127697396a7289fab42bc5ac91261,mysql-table,base_meta_table139,dw_metaservice_zb_sharding_0017,
mysql-table.69201e55e22d58b72d72f0155867ff1ed02eddca,69201e55e22d58b72d72f0155867ff1ed02eddca,mysql-table,base_meta_table205,dw_metaservice_zb_sharding_0025,
mysql-table.694bfbf78b83ec58227087b524ed084fbb79b6fc,694bfbf78b83ec58227087b524ed084fbb79b6fc,mysql-table,base_meta_table159,dw_metaservice_zb_sharding_0019,
mysql-table.6a31bd5927e3c7cd0acbc9dadcac37cb74745257,6a31bd5927e3c7cd0acbc9dadcac37cb74745257,mysql-table,base_meta_table115,dw_metaservice_zb_sharding_0014,
mysql-table.6bc2d10b23336f7e3ac37779fe3694317525bdec,6bc2d10b23336f7e3ac37779fe3694317525bdec,mysql-table,base_meta_table045,dw_metaservice_zb_sharding_0005,
mysql-table.6bf0953b499594020485ca0d2f5bfe412c388656,6bf0953b499594020485ca0d2f5bfe412c388656,mysql-table,base_meta_table150,dw_metaservice_zb_sharding_0018,
mysql-table.6e9b7fb264770c732217b708f0ae3bb39dfd437a,6e9b7fb264770c732217b708f0ae3bb39dfd437a,mysql-table,base_meta_table229,dw_metaservice_zb_sharding_0028,
mysql-table.6f1dddd0f8c410d9ef53167b7789f02313cf2f25,6f1dddd0f8c410d9ef53167b7789f02313cf2f25,mysql-table,base_meta_table192,dw_metaservice_zb_sharding_0024,
mysql-table.6f287222f94dd3fd8b61e2791b7c802564d2aeb4,6f287222f94dd3fd8b61e2791b7c802564d2aeb4,mysql-table,base_meta_table015,dw_metaservice_zb_sharding_0001,
mysql-table.711c3e47754edfbdc2fd975361c610ae5578c963,711c3e47754edfbdc2fd975361c610ae5578c963,mysql-table,base_meta_table118,dw_metaservice_zb_sharding_0014,
mysql-table.7234ec56ae31be5737c7856f6a2d18ed6c60ca2c,7234ec56ae31be5737c7856f6a2d18ed6c60ca2c,mysql-table,base_meta_table152,dw_metaservice_zb_sharding_0019,
mysql-table.72607ca2482226cfab1630a9bb98c2c82a93f174,72607ca2482226cfab1630a9bb98c2c82a93f174,mysql-table,base_meta_table158,dw_metaservice_zb_sharding_0019,
mysql-table.736ec2595675251698c2f9f89baff2812e7e02ab,736ec2595675251698c2f9f89baff2812e7e02ab,mysql-table,base_meta_table213,dw_metaservice_zb_sharding_0026,
mysql-table.7564f5474ecb045b67020e0d187553592f9aa778,7564f5474ecb045b67020e0d187553592f9aa778,mysql-table,base_meta_table202,dw_metaservice_zb_sharding_0025,
mysql-table.75748b07ad7e8ac4d4e1804bd86f85213fda2e0b,75748b07ad7e8ac4d4e1804bd86f85213fda2e0b,mysql-table,base_meta_table137,dw_metaservice_zb_sharding_0017,
mysql-table.76dbd353f8a30238d47ba7e1b3936d2c6c902724,76dbd353f8a30238d47ba7e1b3936d2c6c902724,mysql-table,base_meta_table096,dw_metaservice_zb_sharding_0012,
mysql-table.7a42ecc86dfe183a962105b4611b0708dfefe719,7a42ecc86dfe183a962105b4611b0708dfefe719,mysql-table,base_meta_table160,dw_metaservice_zb_sharding_0020,
mysql-table.7a57983188bc2543b631730d49b282aff3688e6f,7a57983188bc2543b631730d49b282aff3688e6f,mysql-table,base_meta_table227,dw_metaservice_zb_sharding_0028,
mysql-table.7ab20f586da206ae82677ff56364e214280029b0,7ab20f586da206ae82677ff56364e214280029b0,mysql-table,base_meta_table224,dw_metaservice_zb_sharding_0028,
mysql-table.7db05dadbf158cba690acb99b3401f2c02705c6a,7db05dadbf158cba690acb99b3401f2c02705c6a,mysql-table,base_meta_table005,dw_metaservice_zb_sharding_0000,
mysql-table.7f22a99c5cf39d4ae4a9ac8d80eb376aac0355d8,7f22a99c5cf39d4ae4a9ac8d80eb376aac0355d8,mysql-table,base_meta_table104,dw_metaservice_zb_sharding_0013,
mysql-table.7f4259dd805d66594abc9fe8dd33eb366707dd6f,7f4259dd805d66594abc9fe8dd33eb366707dd6f,mysql-table,base_meta_table255,dw_metaservice_zb_sharding_0031,
mysql-table.7ffd07168f64b0a7b17f5425613af89628ab954f,7ffd07168f64b0a7b17f5425613af89628ab954f,mysql-table,base_meta_table133,dw_metaservice_zb_sharding_0016,
mysql-table.805d69486c26de0b10cb795c6c2f6e899e89c4ac,805d69486c26de0b10cb795c6c2f6e899e89c4ac,mysql-table,base_meta_table184,dw_metaservice_zb_sharding_0023,
mysql-table.816b4122ac2f61570df41af8d8729f5facb52320,816b4122ac2f61570df41af8d8729f5facb52320,mysql-table,base_meta_table029,dw_metaservice_zb_sharding_0003,
mysql-table.82096932244addbd2f5eb44b6e2b1495bd002410,82096932244addbd2f5eb44b6e2b1495bd002410,mysql-table,base_meta_table090,dw_metaservice_zb_sharding_0011,
mysql-table.8308b172140ed8c991958ef03d4af9ca1eb590ea,8308b172140ed8c991958ef03d4af9ca1eb590ea,mysql-table,base_meta_table126,dw_metaservice_zb_sharding_0015,
mysql-table.8604372bb611eb9f594122db75a9b7c8230b8e12,8604372bb611eb9f594122db75a9b7c8230b8e12,mysql-table,base_meta_table253,dw_metaservice_zb_sharding_0031,
mysql-table.86d06d44ee46eba12e49e2eefccd924542fb51e0,86d06d44ee46eba12e49e2eefccd924542fb51e0,mysql-table,base_meta_table136,dw_metaservice_zb_sharding_0017,
mysql-table.8888169ef34f51180cd70ddce21a5b944cadd896,8888169ef34f51180cd70ddce21a5b944cadd896,mysql-table,base_meta_table117,dw_metaservice_zb_sharding_0014,
mysql-table.8c1b00f9dade19b46a579ccad387514fb4e6fb86,8c1b00f9dade19b46a579ccad387514fb4e6fb86,mysql-table,base_meta_table237,dw_metaservice_zb_sharding_0029,
mysql-table.8c692a8ccbce600440fc82f149c0b7a5b5212d54,8c692a8ccbce600440fc82f149c0b7a5b5212d54,mysql-table,base_meta_table135,dw_metaservice_zb_sharding_0016,
mysql-table.8e6991077bdad3b7564d40fe334875ab8ec8419c,8e6991077bdad3b7564d40fe334875ab8ec8419c,mysql-table,base_meta_table020,dw_metaservice_zb_sharding_0002,
mysql-table.8e7486d31b0e8a34fe6788611c376bca379232e9,8e7486d31b0e8a34fe6788611c376bca379232e9,mysql-table,base_meta_table004,dw_metaservice_zb_sharding_0000,
mysql-table.902062d9697cc9de12a83311d593298e23f86e1a,902062d9697cc9de12a83311d593298e23f86e1a,mysql-table,base_meta_table179,dw_metaservice_zb_sharding_0022,
mysql-table.9121cb0d37ec423d413d5ed2eaa64bd239da2d8d,9121cb0d37ec423d413d5ed2eaa64bd239da2d8d,mysql-table,base_meta_table182,dw_metaservice_zb_sharding_0022,
mysql-table.925b376b8ee25ab163cd7a2c5aaa1cc0a46a73df,925b376b8ee25ab163cd7a2c5aaa1cc0a46a73df,mysql-table,base_meta_table242,dw_metaservice_zb_sharding_0030,
mysql-table.9407cc4ed37eefaa46f7cff845c9091312da88fe,9407cc4ed37eefaa46f7cff845c9091312da88fe,mysql-table,base_meta_table110,dw_metaservice_zb_sharding_0013,
mysql-table.95ebc79007412688a4b50562f8ef54c91b4445f6,95ebc79007412688a4b50562f8ef54c91b4445f6,mysql-table,base_meta_table072,dw_metaservice_zb_sharding_0009,
mysql-table.96dfc3e5c19ad4af3c72ddb83a52c0b867297521,96dfc3e5c19ad4af3c72ddb83a52c0b867297521,mysql-table,base_meta_table183,dw_metaservice_zb_sharding_0022,
mysql-table.96fd142252506948d025456fadc74402621fa2a1,96fd142252506948d025456fadc74402621fa2a1,mysql-table,base_meta_table239,dw_metaservice_zb_sharding_0029,
mysql-table.97432a0b132d0081c40890a44ca52b58f704ffdf,97432a0b132d0081c40890a44ca52b58f704ffdf,mysql-table,base_meta_table232,dw_metaservice_zb_sharding_0029,
mysql-table.977396dcd15d0f7fddc0a05f383df551743a6352,977396dcd15d0f7fddc0a05f383df551743a6352,mysql-table,base_meta_table112,dw_metaservice_zb_sharding_0014,
mysql-table.9a1264bf355aa1c137539aea18d2c3fc4ee6e4b4,9a1264bf355aa1c137539aea18d2c3fc4ee6e4b4,mysql-table,base_meta_table167,dw_metaservice_zb_sharding_0020,
mysql-table.9a5af89017905eedd198a2ba61a0521c1e082336,9a5af89017905eedd198a2ba61a0521c1e082336,mysql-table,base_meta_table199,dw_metaservice_zb_sharding_0024,
mysql-table.9ad9c557d3b38d2b9b7dab0e37e501c58b7dac44,9ad9c557d3b38d2b9b7dab0e37e501c58b7dac44,mysql-table,base_meta_table017,dw_metaservice_zb_sharding_0002,
mysql-table.9e1002304132051c71d388d392961139b6e8626b,9e1002304132051c71d388d392961139b6e8626b,mysql-table,base_meta_table008,dw_metaservice_zb_sharding_0001,
mysql-table.9e44f35323d28cdb92b9eaf341af929ad0a79efa,9e44f35323d28cdb92b9eaf341af929ad0a79efa,mysql-table,base_meta_table049,dw_metaservice_zb_sharding_0006,
mysql-table.9e5e7d5075717d11246969c393fa5f11f4f670ae,9e5e7d5075717d11246969c393fa5f11f4f670ae,mysql-table,base_meta_table075,dw_metaservice_zb_sharding_0009,
mysql-table.9f083f97f096269de9714a1a3a7e8797021904ba,9f083f97f096269de9714a1a3a7e8797021904ba,mysql-table,base_meta_table028,dw_metaservice_zb_sharding_0003,
mysql-table.9f3a0f7a0cc0a3c5b426a2dcc51bdedb6633ce86,9f3a0f7a0cc0a3c5b426a2dcc51bdedb6633ce86,mysql-table,base_meta_table066,dw_metaservice_zb_sharding_0008,
mysql-table.a4758ad0f252d7c865dbbbe981ebf01e241bf3ba,a4758ad0f252d7c865dbbbe981ebf01e241bf3ba,mysql-table,base_meta_table086,dw_metaservice_zb_sharding_0010,
mysql-table.a67b2cdd5fe692fd5ee7cc8c1ad524cd3e26a9d4,a67b2cdd5fe692fd5ee7cc8c1ad524cd3e26a9d4,mysql-table,base_meta_table094,dw_metaservice_zb_sharding_0011,
mysql-table.a6d3df58ea4146917e3084792e0d00bd1018b138,a6d3df58ea4146917e3084792e0d00bd1018b138,mysql-table,base_meta_table245,dw_metaservice_zb_sharding_0030,
mysql-table.aae3d7a9347d3dfc02869f885c5c2efe5997bcaa,aae3d7a9347d3dfc02869f885c5c2efe5997bcaa,mysql-table,base_meta_table187,dw_metaservice_zb_sharding_0023,
mysql-table.ab03229bdf86f119037734dfcba37e9a6b5c10b1,ab03229bdf86f119037734dfcba37e9a6b5c10b1,mysql-table,base_meta_table073,dw_metaservice_zb_sharding_0009,
mysql-table.ab52f86a66f0d62a0301b5ba6e2cd75096429744,ab52f86a66f0d62a0301b5ba6e2cd75096429744,mysql-table,base_meta_table223,dw_metaservice_zb_sharding_0027,
mysql-table.ac1bc0566024c6a3bac0234e4b946711b0ce70a6,ac1bc0566024c6a3bac0234e4b946711b0ce70a6,mysql-table,base_meta_table230,dw_metaservice_zb_sharding_0028,
mysql-table.acfa82a7b1e113a0b7437b51016f3e6e2c10f74b,acfa82a7b1e113a0b7437b51016f3e6e2c10f74b,mysql-table,base_meta_table162,dw_metaservice_zb_sharding_0020,
mysql-table.ae3ba4d017f6a4ba682cb733f4e419229be3ce66,ae3ba4d017f6a4ba682cb733f4e419229be3ce66,mysql-table,base_meta_table085,dw_metaservice_zb_sharding_0010,
mysql-table.ae77d1b84456d329e0e4800e1d9f58e47aa878f7,ae77d1b84456d329e0e4800e1d9f58e47aa878f7,mysql-table,base_meta_table231,dw_metaservice_zb_sharding_0028,
mysql-table.b171ee770750a9ab643e52c6a1139b38f1f4abe8,b171ee770750a9ab643e52c6a1139b38f1f4abe8,mysql-table,base_meta_table194,dw_metaservice_zb_sharding_0024,
mysql-table.b1af454dc28d201cd9e0ceb02f5bc1f62be25320,b1af454dc28d201cd9e0ceb02f5bc1f62be25320,mysql-table,base_meta_table087,dw_metaservice_zb_sharding_0010,
mysql-table.b22f623ae2282ef0eee143f2d5441e860b9d7581,b22f623ae2282ef0eee143f2d5441e860b9d7581,mysql-table,base_meta_table060,dw_metaservice_zb_sharding_0007,
mysql-table.b3beeca6e0ce8b9d88ccda9c65e106f9840fd27e,b3beeca6e0ce8b9d88ccda9c65e106f9840fd27e,mysql-table,base_meta_table127,dw_metaservice_zb_sharding_0015,
mysql-table.b4017499ab2450373216c0792602f72aab245048,b4017499ab2450373216c0792602f72aab245048,mysql-table,base_meta_table180,dw_metaservice_zb_sharding_0022,
mysql-table.b585be8c5c58e9ff7da8a655f4fe54450b44605a,b585be8c5c58e9ff7da8a655f4fe54450b44605a,mysql-table,base_meta_table145,dw_metaservice_zb_sharding_0018,
mysql-table.b5aeb09ef5c552cab213a2d0e8103ab70e16ddfc,b5aeb09ef5c552cab213a2d0e8103ab70e16ddfc,mysql-table,base_meta_table246,dw_metaservice_zb_sharding_0030,
mysql-table.b5b90a9961662031c9728b6817816cf0e55d6f75,b5b90a9961662031c9728b6817816cf0e55d6f75,mysql-table,base_meta_table140,dw_metaservice_zb_sharding_0017,
mysql-table.b68bceb6afa3830174ad2595b41f731f04c736d8,b68bceb6afa3830174ad2595b41f731f04c736d8,mysql-table,base_meta_table067,dw_metaservice_zb_sharding_0008,
mysql-table.b6bbc8711ee2b26c9a98ab9342011d242f9f24ac,b6bbc8711ee2b26c9a98ab9342011d242f9f24ac,mysql-table,base_meta_table106,dw_metaservice_zb_sharding_0013,
mysql-table.bb23fceca5206f3c81524c725cefa97e8cdf18cb,bb23fceca5206f3c81524c725cefa97e8cdf18cb,mysql-table,base_meta_table032,dw_metaservice_zb_sharding_0004,
mysql-table.bb477a5f5ca47054b814d1cdb11ab1e0fc0bb35d,bb477a5f5ca47054b814d1cdb11ab1e0fc0bb35d,mysql-table,base_meta_table220,dw_metaservice_zb_sharding_0027,
mysql-table.bbcd91c87fad701c22c16f33f5cfa3cfb8158339,bbcd91c87fad701c22c16f33f5cfa3cfb8158339,mysql-table,base_meta_table080,dw_metaservice_zb_sharding_0010,
mysql-table.bc6623f261363f267ed85d697f4c66f3ed7727e0,bc6623f261363f267ed85d697f4c66f3ed7727e0,mysql-table,base_meta_table120,dw_metaservice_zb_sharding_0015,
mysql-table.bcd5d1b7910ab5c76a5b90d985a4eb2bd64a0701,bcd5d1b7910ab5c76a5b90d985a4eb2bd64a0701,mysql-table,base_meta_table221,dw_metaservice_zb_sharding_0027,
mysql-table.bd09e0d8f07a69284eb2eb309152e1098b15ae83,bd09e0d8f07a69284eb2eb309152e1098b15ae83,mysql-table,base_meta_table154,dw_metaservice_zb_sharding_0019,
mysql-table.c11bbf3a3321ea3c321439a4e355d49c8a400fd4,c11bbf3a3321ea3c321439a4e355d49c8a400fd4,mysql-table,base_meta_table041,dw_metaservice_zb_sharding_0005,
mysql-table.c1fcba166322c60df0b03386a3ae411a9bde7539,c1fcba166322c60df0b03386a3ae411a9bde7539,mysql-table,base_meta_table172,dw_metaservice_zb_sharding_0021,
mysql-table.c27728ce1230070c84eb8325417956df40cbbd91,c27728ce1230070c84eb8325417956df40cbbd91,mysql-table,base_meta_table131,dw_metaservice_zb_sharding_0016,
mysql-table.c303a6a327b337f3bec65b3021fe8c56ccb4399d,c303a6a327b337f3bec65b3021fe8c56ccb4399d,mysql-table,base_meta_table142,dw_metaservice_zb_sharding_0017,
mysql-table.c357590362bcf0ca8a596d99cf1f0f0d1478b50c,c357590362bcf0ca8a596d99cf1f0f0d1478b50c,mysql-table,base_meta_table206,dw_metaservice_zb_sharding_0025,
mysql-table.c3853aea3c7951f55a32d6dcbf81a269ae402cb0,c3853aea3c7951f55a32d6dcbf81a269ae402cb0,mysql-table,base_meta_table038,dw_metaservice_zb_sharding_0004,
mysql-table.c5320242dc38660a4a215ce0d3f46fa33df6310d,c5320242dc38660a4a215ce0d3f46fa33df6310d,mysql-table,base_meta_table078,dw_metaservice_zb_sharding_0009,
mysql-table.c845e29a472f846dda36a10550ebadc63c029516,c845e29a472f846dda36a10550ebadc63c029516,mysql-table,base_meta_table153,dw_metaservice_zb_sharding_0019,
mysql-table.ca967f3b3ef1a2cbd6e2e9dbe75faa3aef3ec13f,ca967f3b3ef1a2cbd6e2e9dbe75faa3aef3ec13f,mysql-table,base_meta_table083,dw_metaservice_zb_sharding_0010,
mysql-table.cacfd86fb1a047ed72533f1a0a915658b937a420,cacfd86fb1a047ed72533f1a0a915658b937a420,mysql-table,base_meta_table198,dw_metaservice_zb_sharding_0024,
mysql-table.cadb96f636557c62bb1428aaf0c8c874c31fbf30,cadb96f636557c62bb1428aaf0c8c874c31fbf30,mysql-table,base_meta_table233,dw_metaservice_zb_sharding_0029,
mysql-table.cb077a635374e42188bbcd3fee6ba4cb02068eef,cb077a635374e42188bbcd3fee6ba4cb02068eef,mysql-table,base_meta_table022,dw_metaservice_zb_sharding_0002,
mysql-table.cb4a56ffac0d8834d7faccefb33b05ec42df6907,cb4a56ffac0d8834d7faccefb33b05ec42df6907,mysql-table,base_meta_table006,dw_metaservice_zb_sharding_0000,
mysql-table.cc40fe8dfd00264cfca177f37fc0bbb34649fd89,cc40fe8dfd00264cfca177f37fc0bbb34649fd89,mysql-table,base_meta_table055,dw_metaservice_zb_sharding_0006,
mysql-table.cf0dfc002d97120eb32c92672c8db4ed4a75d24d,cf0dfc002d97120eb32c92672c8db4ed4a75d24d,mysql-table,base_meta_table084,dw_metaservice_zb_sharding_0010,
mysql-table.cfa1a54398a17d5f95b54cca5f75a749f703b410,cfa1a54398a17d5f95b54cca5f75a749f703b410,mysql-table,base_meta_table092,dw_metaservice_zb_sharding_0011,
mysql-table.cfffaf86f1f0a47a80d4a3d787aa3ef0487680d8,cfffaf86f1f0a47a80d4a3d787aa3ef0487680d8,mysql-table,base_meta_table070,dw_metaservice_zb_sharding_0008,
mysql-table.d05a25471830783248b716c2987ed0f8e6d89cdf,d05a25471830783248b716c2987ed0f8e6d89cdf,mysql-table,base_meta_table011,dw_metaservice_zb_sharding_0001,
mysql-table.d0c83de795ed9e3ddfd04f1b3c04804012bf214b,d0c83de795ed9e3ddfd04f1b3c04804012bf214b,mysql-table,base_meta_table196,dw_metaservice_zb_sharding_0024,
mysql-table.d118e69a6117209ed8a5e1b1e99cbe2f3cca99a1,d118e69a6117209ed8a5e1b1e99cbe2f3cca99a1,mysql-table,base_meta_table091,dw_metaservice_zb_sharding_0011,
mysql-table.d185c05c7db122e45ce1055a5f5dced8f7c616f0,d185c05c7db122e45ce1055a5f5dced8f7c616f0,mysql-table,base_meta_table195,dw_metaservice_zb_sharding_0024,
mysql-table.d44b9fc70bbfa031b9ce2a7549cccab6ca3ceb67,d44b9fc70bbfa031b9ce2a7549cccab6ca3ceb67,mysql-table,base_meta_table034,dw_metaservice_zb_sharding_0004,
mysql-table.d63d6bde7ed508d24ddd7852e96867eecf525954,d63d6bde7ed508d24ddd7852e96867eecf525954,mysql-table,base_meta_table243,dw_metaservice_zb_sharding_0030,
mysql-table.d679692e3c5936a9542504f7940681750dcc7b75,d679692e3c5936a9542504f7940681750dcc7b75,mysql-table,base_meta_table050,dw_metaservice_zb_sharding_0006,
mysql-table.d85d9f0e474b4288fe4a9df9b1e7420bfc717fe8,d85d9f0e474b4288fe4a9df9b1e7420bfc717fe8,mysql-table,base_meta_table212,dw_metaservice_zb_sharding_0026,
mysql-table.da19995a12b95d127e857aece821c87403343edf,da19995a12b95d127e857aece821c87403343edf,mysql-table,base_meta_table026,dw_metaservice_zb_sharding_0003,
mysql-table.db41b15320d669c92cb7e538627d4de1cfca159c,db41b15320d669c92cb7e538627d4de1cfca159c,mysql-table,base_meta_table157,dw_metaservice_zb_sharding_0019,
mysql-table.dc5c6a4e00b740f5a553b348d5f10d30246c3476,dc5c6a4e00b740f5a553b348d5f10d30246c3476,mysql-table,base_meta_table002,dw_metaservice_zb_sharding_0000,
mysql-table.dc8809ec7081c8f6fb071b921cde2846552a8dce,dc8809ec7081c8f6fb071b921cde2846552a8dce,mysql-table,base_meta_table021,dw_metaservice_zb_sharding_0002,
mysql-table.dca56a7a3f16b43b02f0ceb72ff77e881870264f,dca56a7a3f16b43b02f0ceb72ff77e881870264f,mysql-table,base_meta_table244,dw_metaservice_zb_sharding_0030,
mysql-table.dd79806be8253d8d79532784b6c3164a89d1b777,dd79806be8253d8d79532784b6c3164a89d1b777,mysql-table,base_meta_table228,dw_metaservice_zb_sharding_0028,
mysql-table.de2d5b6efe6699fb9ef97029343ea362f9dea6c5,de2d5b6efe6699fb9ef97029343ea362f9dea6c5,mysql-table,base_meta_table024,dw_metaservice_zb_sharding_0003,
mysql-table.e44ce4ce1d4e124ef6f6c4956839d10d6715d47d,e44ce4ce1d4e124ef6f6c4956839d10d6715d47d,mysql-table,base_meta_table225,dw_metaservice_zb_sharding_0028,
mysql-table.e488321327270bf138bbe203825c3cbbdeed543b,e488321327270bf138bbe203825c3cbbdeed543b,mysql-table,base_meta_table039,dw_metaservice_zb_sharding_0004,
mysql-table.e60963550b5a97c5c500bcffc935bb12f8956900,e60963550b5a97c5c500bcffc935bb12f8956900,mysql-table,base_meta_table079,dw_metaservice_zb_sharding_0009,
mysql-table.e616cabd1529ad1a0596def53b15e52f89720b82,e616cabd1529ad1a0596def53b15e52f89720b82,mysql-table,base_meta_table068,dw_metaservice_zb_sharding_0008,
mysql-table.e68c50844e09c1c2814b58923527693da6c08b1c,e68c50844e09c1c2814b58923527693da6c08b1c,mysql-table,base_meta_table197,dw_metaservice_zb_sharding_0024,
mysql-table.e8347acd37129d2224df03548f15e16205fcc076,e8347acd37129d2224df03548f15e16205fcc076,mysql-table,base_meta_table047,dw_metaservice_zb_sharding_0005,
mysql-table.e8cdfe8b2f454a38a8d385cc3e17043ad799a31c,e8cdfe8b2f454a38a8d385cc3e17043ad799a31c,mysql-table,base_meta_table113,dw_metaservice_zb_sharding_0014,
mysql-table.e91a7c0767260beaed889c733c13aa6df0cd569b,e91a7c0767260beaed889c733c13aa6df0cd569b,mysql-table,base_meta_table250,dw_metaservice_zb_sharding_0031,
mysql-table.ec2db0bcd9157fd12adb2a5c13f06b4e80f9f9a2,ec2db0bcd9157fd12adb2a5c13f06b4e80f9f9a2,mysql-table,base_meta_table076,dw_metaservice_zb_sharding_0009,
mysql-table.eccaa7c59ff2eb96c4736ae529e23e1bc70a4fc2,eccaa7c59ff2eb96c4736ae529e23e1bc70a4fc2,mysql-table,base_meta_table099,dw_metaservice_zb_sharding_0012,
mysql-table.ece3cc85af263e2973927a5fe7aa54dc291cc875,ece3cc85af263e2973927a5fe7aa54dc291cc875,mysql-table,base_meta_table209,dw_metaservice_zb_sharding_0026,
mysql-table.edb22c473cbf36870a22e9a9e82341eb945bfd7b,edb22c473cbf36870a22e9a9e82341eb945bfd7b,mysql-table,base_meta_table222,dw_metaservice_zb_sharding_0027,
mysql-table.ee4812a12e920e285797a3df97dfe2cef2468dd6,ee4812a12e920e285797a3df97dfe2cef2468dd6,mysql-table,base_meta_table030,dw_metaservice_zb_sharding_0003,
mysql-table.f05ea4644fe62a0835cfc15f2610f9711c9b9afc,f05ea4644fe62a0835cfc15f2610f9711c9b9afc,mysql-table,base_meta_table033,dw_metaservice_zb_sharding_0004,
mysql-table.f0a1951915d856483b37f01de2701846ea0d2e81,f0a1951915d856483b37f01de2701846ea0d2e81,mysql-table,base_meta_table056,dw_metaservice_zb_sharding_0007,
mysql-table.f11a12abc26ef851e521692584c12fda145183b7,f11a12abc26ef851e521692584c12fda145183b7,mysql-table,base_meta_table144,dw_metaservice_zb_sharding_0018,
mysql-table.f2fc5f8fc00af6541379236322f8fe4252081bfb,f2fc5f8fc00af6541379236322f8fe4252081bfb,mysql-table,base_meta_table016,dw_metaservice_zb_sharding_0002,
mysql-table.f31a16a92db451a558b1f29756b3e695d45e45b3,f31a16a92db451a558b1f29756b3e695d45e45b3,mysql-table,base_meta_table156,dw_metaservice_zb_sharding_0019,
mysql-table.f437b4471ab03514ff82722b3d42943ea6eb8b3b,f437b4471ab03514ff82722b3d42943ea6eb8b3b,mysql-table,base_meta_table208,dw_metaservice_zb_sharding_0026,
mysql-table.f58995dbb6cb696d89b49a65924b56dcdb88d8b6,f58995dbb6cb696d89b49a65924b56dcdb88d8b6,mysql-table,base_meta_table141,dw_metaservice_zb_sharding_0017,
mysql-table.f60777c4144c484bdc4d4cde2f05abb3a795e8ff,f60777c4144c484bdc4d4cde2f05abb3a795e8ff,mysql-table,base_meta_table124,dw_metaservice_zb_sharding_0015,
mysql-table.f6273d14c0fd4708f1bc42c4790b098edde400e4,f6273d14c0fd4708f1bc42c4790b098edde400e4,mysql-table,base_meta_table215,dw_metaservice_zb_sharding_0026,
mysql-table.f64388f2ca30cafed5568025f17cefc07aa5e692,f64388f2ca30cafed5568025f17cefc07aa5e692,mysql-table,base_meta_table046,dw_metaservice_zb_sharding_0005,
mysql-table.f70922fe4ad17e835aab47993ca506bb44919c71,f70922fe4ad17e835aab47993ca506bb44919c71,mysql-table,base_meta_table052,dw_metaservice_zb_sharding_0006,
mysql-table.f7c0c4d896515877f2082ad56ab7feeef7efe4b0,f7c0c4d896515877f2082ad56ab7feeef7efe4b0,mysql-table,base_meta_table025,dw_metaservice_zb_sharding_0003,
mysql-table.fb4d5a2334cd1e9cf47e41b04aea6c7d37dbe782,fb4d5a2334cd1e9cf47e41b04aea6c7d37dbe782,mysql-table,base_meta_table216,dw_metaservice_zb_sharding_0027,
mysql-table.fb9fbe83a10029af0d8c08f009047e45978c24ef,fb9fbe83a10029af0d8c08f009047e45978c24ef,mysql-table,base_meta_table252,dw_metaservice_zb_sharding_0031,
mysql-table.fd9329a4ed2dd27ed466341feea6b159e73c4479,fd9329a4ed2dd27ed466341feea6b159e73c4479,mysql-table,base_meta_table044,dw_metaservice_zb_sharding_0005,
mysql-table.fe4cd814460ba537cef37d67731466a90f8a9654,fe4cd814460ba537cef37d67731466a90f8a9654,mysql-table,base_meta_table174,dw_metaservice_zb_sharding_0021,
mysql-table.fe6e3d7dba216d49987ea2374f0bb176092d7a00,fe6e3d7dba216d49987ea2374f0bb176092d7a00,mysql-table,base_meta_table134,dw_metaservice_zb_sharding_0016,
mysql-table.fecd170f8797bfdb70446bfa08d0590dc739a007,fecd170f8797bfdb70446bfa08d0590dc739a007,mysql-table,base_meta_table069,dw_metaservice_zb_sharding_0008,
mysql-table.fefd8c29be4b9b32c273bee22bc6713406dab553,fefd8c29be4b9b32c273bee22bc6713406dab553,mysql-table,base_meta_table251,dw_metaservice_zb_sharding_0031,
mysql-table.fff22266248dd1f97f93079c817bc6c964f917c3,fff22266248dd1f97f93079c817bc6c964f917c3,mysql-table,base_meta_table248,dw_metaservice_zb_sharding_0031,
maxcompute-table.dataworks_meta.ods_d_base_meta_table_label,odps.dataworks_meta.ods_d_base_meta_table_label,odps-table,ods_d_base_meta_table_label,dataworks_meta,085416
maxcompute-table.cdo_meta.ads_mc_dim_tables_and_views,odps.cdo_meta.ads_mc_dim_tables_and_views,odps-table,ads_mc_dim_tables_and_views,cdo_meta,102205
maxcompute-table.cdo_meta.dim_odps_project_info,odps.cdo_meta.dim_odps_project_info,odps-table,dim_odps_project_info,cdo_meta,102205
maxcompute-table.dataworks_meta.dim_black_hole_odps_project,odps.dataworks_meta.dim_black_hole_odps_project,odps-table,dim_black_hole_odps_project,dataworks_meta,149944
mysql-table.32099222a12730acd133c4e328325f82da3854a3,32099222a12730acd133c4e328325f82da3854a3,mysql-table,base_user_info,oxs_base_biz_tenant,
mysql-table.7596f7960094db929eac28421399f762f090f616,7596f7960094db929eac28421399f762f090f616,mysql-table,base_user_info,cdo_auth,
mysql-table.e8ffbd81b70c43029ad3b1ef08c96a8dcc7d50f8,e8ffbd81b70c43029ad3b1ef08c96a8dcc7d50f8,mysql-table,base_user_info,oxs_base_biz_tenant,
maxcompute-table.cdo_meta.mc_dim_tables_and_views_columns,odps.cdo_meta.mc_dim_tables_and_views_columns,odps-table,mc_dim_tables_and_views_columns,cdo_meta,102205
maxcompute-table.cdo_meta.ms_column,odps.cdo_meta.ms_column,odps-table,ms_column,cdo_meta,149944
maxcompute-table.dataworks_analyze.dwd_model_engine_online_model_column_reference_df,odps.dataworks_analyze.dwd_model_engine_online_model_column_reference_df,odps-table,dwd_model_engine_online_model_column_reference_df,dataworks_analyze,037888
maxcompute-table.dataworks_meta.dwd_dg_model_dim_online_model_table_df,odps.dataworks_meta.dwd_dg_model_dim_online_model_table_df,odps-table,dwd_dg_model_dim_online_model_table_df,dataworks_meta,370260
elasticsearch-index.74a1d2b8c7095e487d93611db0b5f64996cfbfe3,74a1d2b8c7095e487d93611db0b5f64996cfbfe3,elasticsearch-index,dw_maxcompute_tables,,
maxcompute-table.dataworks_analyze.rpt_d_odps_table_user_read_detail,odps.dataworks_analyze.rpt_d_odps_table_user_read_detail,odps-table,rpt_d_odps_table_user_read_detail,dataworks_analyze,085416
maxcompute-table.dataworks_app_feature.ods_tag_info_dg,odps.dataworks_app_feature.ods_tag_info_dg,odps-table,ods_tag_info_dg,dataworks_app_feature,140156
maxcompute-table.dw_data_governance.calc_table_score_deduct_detail,odps.dw_data_governance.calc_table_score_deduct_detail,odps-table,calc_table_score_deduct_detail,dw_data_governance,140156
maxcompute-table.dw_data_governance.dwd_dt_tag_asset_lineage_all_for_tag_dg,odps.dw_data_governance.dwd_dt_tag_asset_lineage_all_for_tag_dg,odps-table,dwd_dt_tag_asset_lineage_all_for_tag_dg,dw_data_governance,452029
maxcompute-table.dw_data_governance.dwd_schema_standard_table_info_dg,odps.dw_data_governance.dwd_schema_standard_table_info_dg,odps-table,dwd_schema_standard_table_info_dg,dw_data_governance,140156
maxcompute-table.dataworks_meta.dim_dg_dmc_album_df,odps.dataworks_meta.dim_dg_dmc_album_df,odps-table,dim_dg_dmc_album_df,dataworks_meta,149944
maxcompute-table.dataworks_meta.s_base_meta_album_category,odps.dataworks_meta.s_base_meta_album_category,odps-table,s_base_meta_album_category,dataworks_meta,149944
maxcompute-table.dataworks_meta.s_base_meta_album_category_relation,odps.dataworks_meta.s_base_meta_album_category_relation,odps-table,s_base_meta_album_category_relation,dataworks_meta,149944
mysql-table.ab9826744c37f808a05c99171d4c3fd1a581c5fb,ab9826744c37f808a05c99171d4c3fd1a581c5fb,mysql-table,base_meta_entity_classification,dw_metaservice,
mysql-table.8f02ae29c468ccb171eb6b31d7451861abc7d76e,8f02ae29c468ccb171eb6b31d7451861abc7d76e,mysql-table,base_meta_album_entity_relation,dw_metaservice,
maxcompute-table.dw_data_governance.ods_d_dqc_entity,odps.dw_data_governance.ods_d_dqc_entity,odps-table,ods_d_dqc_entity,dw_data_governance,050624
maxcompute-table.dw_data_governance.ods_d_dqc_entity_node_mapping,odps.dw_data_governance.ods_d_dqc_entity_node_mapping,odps-table,ods_d_dqc_entity_node_mapping,dw_data_governance,068198
maxcompute-table.dw_data_governance.ods_d_dqc_open_entity_follower,odps.dw_data_governance.ods_d_dqc_open_entity_follower,odps-table,ods_d_dqc_open_entity_follower,dw_data_governance,068198
maxcompute-table.dw_data_governance.ods_d_dqc_rule,odps.dw_data_governance.ods_d_dqc_rule,odps-table,ods_d_dqc_rule,dw_data_governance,050624
maxcompute-table.dw_data_governance.ods_d_dqc_rule_check,odps.dw_data_governance.ods_d_dqc_rule_check,odps-table,ods_d_dqc_rule_check,dw_data_governance,050624
maxcompute-table.cdo_meta.m1_odps_fuxi_job,odps.cdo_meta.m1_odps_fuxi_job,odps-table,m1_odps_fuxi_job,cdo_meta,102205
maxcompute-table.cdo_meta.outside_m_task,odps.cdo_meta.outside_m_task,odps-table,outside_m_task,cdo_meta,102205
maxcompute-table.cdo_meta.s_m_instance,odps.cdo_meta.s_m_instance,odps-table,s_m_instance,cdo_meta,102205
maxcompute-table.cdo_meta.s_m_project,odps.cdo_meta.s_m_project,odps-table,s_m_project,cdo_meta,102205
maxcompute-table.cdo_meta.s_m_task,odps.cdo_meta.s_m_task,odps-table,s_m_task,cdo_meta,102205
maxcompute-table.onemeta.dim_meta_pub_aliyun_account,odps.onemeta.dim_meta_pub_aliyun_account,odps-table,dim_meta_pub_aliyun_account,onemeta,102205
maxcompute-table.data_sec.dwd_cross_control_data_backup_table_area_1d,odps.data_sec.dwd_cross_control_data_backup_table_area_1d,odps-table,dwd_cross_control_data_backup_table_area_1d,data_sec,224825
maxcompute-table.dataworks_analyze.m_column_lineage_private_domains,odps.dataworks_analyze.m_column_lineage_private_domains,odps-table,m_column_lineage_private_domains,dataworks_analyze,085416
maxcompute-table.dataworks_analyze.m_table_lineage_private_domains,odps.dataworks_analyze.m_table_lineage_private_domains,odps-table,m_table_lineage_private_domains,dataworks_analyze,085416
maxcompute-table.meta.s_odps_lineage_info_log,odps.meta.s_odps_lineage_info_log,odps-table,s_odps_lineage_info_log,meta,131315
maxcompute-table.meta.m_task,odps.meta.m_task,odps-table,m_task,meta,131315
maxcompute-table.cdo_boss.onemeta_dim_odps_project_ext,odps.cdo_boss.onemeta_dim_odps_project_ext,odps-table,onemeta_dim_odps_project_ext,cdo_boss,102205
maxcompute-table.dataworks_meta.ods_base_project,odps.dataworks_meta.ods_base_project,odps-table,ods_base_project,dataworks_meta,140313
maxcompute-table.cdo_meta.cuc_user_mapping,odps.cdo_meta.cuc_user_mapping,odps-table,cuc_user_mapping,cdo_meta,102205
maxcompute-table.cdo_meta.m1_odps_table_merge,odps.cdo_meta.m1_odps_table_merge,odps-table,m1_odps_table_merge,cdo_meta,102205
maxcompute-table.cdo_meta.m1_odps_table_only_meter,odps.cdo_meta.m1_odps_table_only_meter,odps-table,m1_odps_table_only_meter,cdo_meta,102205
maxcompute-table.cdo_meta.project_owner_repair,odps.cdo_meta.project_owner_repair,odps-table,project_owner_repair,cdo_meta,102205
maxcompute-table.res_dg_service.dwd_odps_bill_dtl_di,odps.res_dg_service.dwd_odps_bill_dtl_di,odps-table,dwd_odps_bill_dtl_di,res_dg_service,078219
maxcompute-table.res_dg_service.dwd_odps_trd_ord_itm_df,odps.res_dg_service.dwd_odps_trd_ord_itm_df,odps-table,dwd_odps_trd_ord_itm_df,res_dg_service,078219
maxcompute-table.res_dg_service.dws_odps_trd_org_bu_quota_1d,odps.res_dg_service.dws_odps_trd_org_bu_quota_1d,odps-table,dws_odps_trd_org_bu_quota_1d,res_dg_service,078219
maxcompute-table.res_dg_service.dws_odps_use_project_cu_mtr_1d,odps.res_dg_service.dws_odps_use_project_cu_mtr_1d,odps-table,dws_odps_use_project_cu_mtr_1d,res_dg_service,078219
maxcompute-table.res_dg_service.tmp_dim_pub_bu_org_map_1,odps.res_dg_service.tmp_dim_pub_bu_org_map_1,odps-table,tmp_dim_pub_bu_org_map_1,res_dg_service,078219
maxcompute-table.res_dg_service.tmp_dim_pub_bu_org_map_3,odps.res_dg_service.tmp_dim_pub_bu_org_map_3,odps-table,tmp_dim_pub_bu_org_map_3,res_dg_service,078219
maxcompute-table.res_dg_service.tmp_dim_pub_bu_org_map_4,odps.res_dg_service.tmp_dim_pub_bu_org_map_4,odps-table,tmp_dim_pub_bu_org_map_4,res_dg_service,078219
maxcompute-table.res_dg_service.tmp_dim_pub_bu_org_map_6,odps.res_dg_service.tmp_dim_pub_bu_org_map_6,odps-table,tmp_dim_pub_bu_org_map_6,res_dg_service,078219
maxcompute-table.res_eff_cdm.dim_re_cost_organization_full_info,odps.res_eff_cdm.dim_re_cost_organization_full_info,odps-table,dim_re_cost_organization_full_info,res_eff_cdm,176818
maxcompute-table.res_eff_cdm.dim_re_cost_organization_info,odps.res_eff_cdm.dim_re_cost_organization_info,odps-table,dim_re_cost_organization_info,res_eff_cdm,106341
maxcompute-table.res_eff_cdm.dim_re_hr_dept_info,odps.res_eff_cdm.dim_re_hr_dept_info,odps-table,dim_re_hr_dept_info,res_eff_cdm,176818
maxcompute-table.dataworks_meta.dwd_d_retained_metadata_lineage,odps.dataworks_meta.dwd_d_retained_metadata_lineage,odps-table,dwd_d_retained_metadata_lineage,dataworks_meta,085416
maxcompute-table.cdo_meta.m1_odps_checkpermission_input_output,odps.cdo_meta.m1_odps_checkpermission_input_output,odps-table,m1_odps_checkpermission_input_output,cdo_meta,102205
maxcompute-table.cdo_meta.ods_phoenix_app_config,odps.cdo_meta.ods_phoenix_app_config,odps-table,ods_phoenix_app_config,cdo_meta,
maxcompute-table.cdo_meta.odps_health_check_whiltelist,odps.cdo_meta.odps_health_check_whiltelist,odps-table,odps_health_check_whiltelist,cdo_meta,102205
maxcompute-table.cdo_meta.ods_odps_table_storage_white_list,odps.cdo_meta.ods_odps_table_storage_white_list,odps-table,ods_odps_table_storage_white_list,cdo_meta,102205
mysql-table.d4511243aceff1e449fe7e261f318bc1df7cd1d2,d4511243aceff1e449fe7e261f318bc1df7cd1d2,mysql-table,dqc_entity,new_dqcdb,
maxcompute-table.cdo_meta.m_dw_odps_table_record,odps.cdo_meta.m_dw_odps_table_record,odps-table,m_dw_odps_table_record,cdo_meta,102205
maxcompute-table.cdo_meta.m1_odps_tunnel_download_log,odps.cdo_meta.m1_odps_tunnel_download_log,odps-table,m1_odps_tunnel_download_log,cdo_meta,102205
maxcompute-table.cdo_meta.m_dw_dsc_daily_log,odps.cdo_meta.m_dw_dsc_daily_log,odps-table,m_dw_dsc_daily_log,cdo_meta,102205
maxcompute-table.cdo_meta.m_ods_s_phoenix_node_output,odps.cdo_meta.m_ods_s_phoenix_node_output,odps-table,m_ods_s_phoenix_node_output,cdo_meta,102205
maxcompute-table.cdo_meta.temp_dsc_relation_with_skynet_32d,odps.cdo_meta.temp_dsc_relation_with_skynet_32d,odps-table,temp_dsc_relation_with_skynet_32d,cdo_meta,102205
maxcompute-table.cdo_meta.s_m_column,odps.cdo_meta.s_m_column,odps-table,s_m_column,cdo_meta,102205
maxcompute-table.cdo_meta.temp_not_ods_table,odps.cdo_meta.temp_not_ods_table,odps-table,temp_not_ods_table,cdo_meta,102205
maxcompute-table.cdo_meta.temp_odps_table_ods_label,odps.cdo_meta.temp_odps_table_ods_label,odps-table,temp_odps_table_ods_label,cdo_meta,102205
maxcompute-table.cdo_meta.m_dw_odps_table_extra_info,odps.cdo_meta.m_dw_odps_table_extra_info,odps-table,m_dw_odps_table_extra_info,cdo_meta,102205
maxcompute-table.onemeta.mid_dim_meta_do_table_owner_last,odps.onemeta.mid_dim_meta_do_table_owner_last,odps-table,mid_dim_meta_do_table_owner_last,onemeta,102205
mysql-table.0ed46424ab43e70aebd3e0f2b274473207262c11,0ed46424ab43e70aebd3e0f2b274473207262c11,mysql-table,meta_archive,cdo_aslan,
maxcompute-table.cdo_meta.m_dw_access_in_7_33_93_days,odps.cdo_meta.m_dw_access_in_7_33_93_days,odps-table,m_dw_access_in_7_33_93_days,cdo_meta,102205
maxcompute-table.meta.s_kp_user_map,odps.meta.s_kp_user_map,odps-table,s_kp_user_map,meta,
maxcompute-table.meta.t_resource,odps.meta.t_resource,odps-table,t_resource,meta,
maxcompute-table.onemeta.dim_meta_do_table_access_odps_1d,odps.onemeta.dim_meta_do_table_access_odps_1d,odps-table,dim_meta_do_table_access_odps_1d,onemeta,102205
maxcompute-table.udap_meta.mds_rmd_govern_table_detail_1d,odps.udap_meta.mds_rmd_govern_table_detail_1d,odps-table,mds_rmd_govern_table_detail_1d,udap_meta,
maxcompute-table.udap_meta.mds_rmd_govern_table_mitem_prod_ext_1d,odps.udap_meta.mds_rmd_govern_table_mitem_prod_ext_1d,odps-table,mds_rmd_govern_table_mitem_prod_ext_1d,udap_meta,
maxcompute-table.cdo_meta.grip_m_flow_object_filter,odps.cdo_meta.grip_m_flow_object_filter,odps-table,grip_m_flow_object_filter,cdo_meta,083671
maxcompute-table.cdo_meta.meta_parse_js_input_output,odps.cdo_meta.meta_parse_js_input_output,odps-table,meta_parse_js_input_output,cdo_meta,102205
maxcompute-table.cdo_meta.meta_parse_source_xml_result,odps.cdo_meta.meta_parse_source_xml_result,odps-table,meta_parse_source_xml_result,cdo_meta,102205
maxcompute-table.cdo_meta.dim_odps_product_account,odps.cdo_meta.dim_odps_product_account,odps-table,dim_odps_product_account,cdo_meta,102205
maxcompute-table.cdo_meta.m_ods_s_phoenix_task_inst,odps.cdo_meta.m_ods_s_phoenix_task_inst,odps-table,m_ods_s_phoenix_task_inst,cdo_meta,102205
maxcompute-table.cdo_meta.m_dw_skynet_real_type,odps.cdo_meta.m_dw_skynet_real_type,odps-table,m_dw_skynet_real_type,cdo_meta,102205
mysql-table.979993c170ff50c4cc8f13f38074ba4d10b029f8,979993c170ff50c4cc8f13f38074ba4d10b029f8,mysql-table,base_meta_op_log,dw_metaservice,
mysql-table.2134be84aa1988e426e4d77c4ec33faef71aed0e,2134be84aa1988e426e4d77c4ec33faef71aed0e,mysql-table,base_meta_category_table_relation,dw_metaservice,
maxcompute-table.cdo_new_webbi.ods_hrmd_emp_org_nature_df,odps.cdo_new_webbi.ods_hrmd_emp_org_nature_df,odps-table,ods_hrmd_emp_org_nature_df,cdo_new_webbi,453395
maxcompute-table.xxpt_cdm_dw.dim_is_emp_jobsys_group,odps.xxpt_cdm_dw.dim_is_emp_jobsys_group,odps-table,dim_is_emp_jobsys_group,xxpt_cdm_dw,453395
maxcompute-table.xxpt_cdm_dw.dim_is_hr_bu_info,odps.xxpt_cdm_dw.dim_is_hr_bu_info,odps-table,dim_is_hr_bu_info,xxpt_cdm_dw,453395
maxcompute-table.xxpt_cdm_dw.dim_is_hr_company,odps.xxpt_cdm_dw.dim_is_hr_company,odps-table,dim_is_hr_company,xxpt_cdm_dw,453395
maxcompute-table.xxpt_cdm_dw.dim_is_hr_dept_rptl_path,odps.xxpt_cdm_dw.dim_is_hr_dept_rptl_path,odps-table,dim_is_hr_dept_rptl_path,xxpt_cdm_dw,453395
maxcompute-table.xxpt_cdm_dw.dim_is_hr_grade,odps.xxpt_cdm_dw.dim_is_hr_grade,odps-table,dim_is_hr_grade,xxpt_cdm_dw,453395
maxcompute-table.xxpt_cdm_dw.dim_pub_emp_public_code,odps.xxpt_cdm_dw.dim_pub_emp_public_code,odps-table,dim_pub_emp_public_code,xxpt_cdm_dw,104464
maxcompute-table.xxpt_cdm_dw.dwd_is_hr_dept_change_his_df,odps.xxpt_cdm_dw.dwd_is_hr_dept_change_his_df,odps-table,dwd_is_hr_dept_change_his_df,xxpt_cdm_dw,453395
maxcompute-table.cdo_new_webbi.ods_hrmd_emp_employee_df,odps.cdo_new_webbi.ods_hrmd_emp_employee_df,odps-table,ods_hrmd_emp_employee_df,cdo_new_webbi,104464
maxcompute-table.xxpt_cdm_dw.dim_is_hr_emp_bsc_info,odps.xxpt_cdm_dw.dim_is_hr_emp_bsc_info,odps-table,dim_is_hr_emp_bsc_info,xxpt_cdm_dw,104464
maxcompute-table.xxpt_cdm_dw.dim_is_hr_emp_dingding_info,odps.xxpt_cdm_dw.dim_is_hr_emp_dingding_info,odps-table,dim_is_hr_emp_dingding_info,xxpt_cdm_dw,122575
maxcompute-table.xxpt_cdm_dw.dim_is_hr_emp_hire_df,odps.xxpt_cdm_dw.dim_is_hr_emp_hire_df,odps-table,dim_is_hr_emp_hire_df,xxpt_cdm_dw,453395
maxcompute-table.xxpt_cdm_dw.dim_is_hr_emp_private_info,odps.xxpt_cdm_dw.dim_is_hr_emp_private_info,odps-table,dim_is_hr_emp_private_info,xxpt_cdm_dw,104464
maxcompute-table.xxpt_cdm_dw.dim_is_hr_job_level,odps.xxpt_cdm_dw.dim_is_hr_job_level,odps-table,dim_is_hr_job_level,xxpt_cdm_dw,453395
maxcompute-table.xxpt_cdm_dw.dim_is_hr_work_location,odps.xxpt_cdm_dw.dim_is_hr_work_location,odps-table,dim_is_hr_work_location,xxpt_cdm_dw,453395
maxcompute-table.xxpt_cdm_dw.dwd_is_hr_emp_alipay_info_f,odps.xxpt_cdm_dw.dwd_is_hr_emp_alipay_info_f,odps-table,dwd_is_hr_emp_alipay_info_f,xxpt_cdm_dw,104464
maxcompute-table.xxpt_cdm_dw.dwd_is_hr_emp_hire_lifecycle_df,odps.xxpt_cdm_dw.dwd_is_hr_emp_hire_lifecycle_df,odps-table,dwd_is_hr_emp_hire_lifecycle_df,xxpt_cdm_dw,453395
maxcompute-table.xxpt_cdm_dw.dwd_is_hr_staff_emp_job_df,odps.xxpt_cdm_dw.dwd_is_hr_staff_emp_job_df,odps-table,dwd_is_hr_staff_emp_job_df,xxpt_cdm_dw,088941
maxcompute-table.xxpt_cdm_dw.dwd_is_svc_buc_user_info_df,odps.xxpt_cdm_dw.dwd_is_svc_buc_user_info_df,odps-table,dwd_is_svc_buc_user_info_df,xxpt_cdm_dw,083984
maxcompute-table.cdo_meta.m_table_all_region,odps.cdo_meta.m_table_all_region,odps-table,m_table_all_region,cdo_meta,428373
